id,data_inversa,uf,br,municipio,causa_acidente,tipo_acidente,classificacao_acidente,fase_dia,condicao_metereologica,tipo_pista,uso_solo,tipo_veiculo,estado_fisico,idade,sexo
478304,16/01/2009,RN,101,NATAL,Não guardar distância de segurança,Colisão traseira,Sem Vítimas        ,Pleno dia,Chuva,Dupla   ,Urbano,Automóvel,Ileso       ,57.0,Masculino
478304,16/01/2009,RN,101,NATAL,Não guardar distância de segurança,Colisão traseira,Sem Vítimas        ,Pleno dia,Chuva,Dupla   ,Urbano,Camioneta,Ileso       ,32.0,Masculino
478322,16/01/2009,RN,101,NATAL,Falta de atenção,Colisão traseira,Sem Vítimas        ,Pleno dia,Chuva,Dupla   ,Urbano,Automóvel,Ileso       ,27.0,Masculino
478322,16/01/2009,RN,101,NATAL,Falta de atenção,Colisão traseira,Sem Vítimas        ,Pleno dia,Chuva,Dupla   ,Urbano,Não identificado,Ignorado    ,-1.0,Inválido
478397,14/01/2009,RN,427,ACARI,Defeito mecânico em veículo,Capotamento,Sem Vítimas        ,Pleno dia,Ceu Claro,Simples ,Rural ,Caminhão,Ileso       ,29.0,Masculino
478428,17/01/2009,RN,406,SAO GONCALO DO AMARANTE,Falta de atenção,Colisão Transversal,Sem Vítimas        ,Pleno dia,Sol,Simples ,Urbano,Automóvel,Ileso       ,68.0,Masculino
478428,17/01/2009,RN,406,SAO GONCALO DO AMARANTE,Falta de atenção,Colisão Transversal,Sem Vítimas        ,Pleno dia,Sol,Simples ,Urbano,Automóvel,Ileso       ,29.0,Masculino
478449,17/01/2009,RN,304,MOSSORO,Falta de atenção,Colisão traseira,Sem Vítimas        ,Pleno dia,Ceu Claro,Simples ,Urbano,Automóvel,Ileso       ,38.0,Inválido
478449,17/01/2009,RN,304,MOSSORO,Falta de atenção,Colisão traseira,Sem Vítimas        ,Pleno dia,Ceu Claro,Simples ,Urbano,Caminhonete,Ileso       ,28.0,Masculino
478449,17/01/2009,RN,304,MOSSORO,Falta de atenção,Colisão traseira,Sem Vítimas        ,Pleno dia,Ceu Claro,Simples ,Urbano,Caminhonete,Ileso       ,26.0,Masculino
478550,14/01/2009,RN,226,MACAIBA,Defeito mecânico em veículo,Colisão traseira,Sem Vítimas        ,Anoitecer,Ceu Claro,Simples ,Rural ,Automóvel,Ileso       ,49.0,Masculino
478550,14/01/2009,RN,226,MACAIBA,Defeito mecânico em veículo,Colisão traseira,Sem Vítimas        ,Anoitecer,Ceu Claro,Simples ,Rural ,Caminhonete,Ileso       ,51.0,Masculino
478597,14/01/2009,RN,101,PARNAMIRIM,Outras,Colisão Transversal,Com Vítimas Feridas,Pleno dia,Nublado,Dupla   ,Urbano,Motocicletas,Ferido Leve ,41.0,Masculino
478597,14/01/2009,RN,101,PARNAMIRIM,Outras,Colisão Transversal,Com Vítimas Feridas,Pleno dia,Nublado,Dupla   ,Urbano,Motocicletas,Ferido Leve ,-1.0,Feminino
478597,14/01/2009,RN,101,PARNAMIRIM,Outras,Colisão Transversal,Com Vítimas Feridas,Pleno dia,Nublado,Dupla   ,Urbano,Caminhonete,Ignorado    ,51.0,Masculino
478599,17/01/2009,RN,101,PARNAMIRIM,Falta de atenção,Colisão traseira,Com Vítimas Feridas,Pleno dia,Nublado,Dupla   ,Urbano,Automóvel,Ileso       ,64.0,Masculino
478599,17/01/2009,RN,101,PARNAMIRIM,Falta de atenção,Colisão traseira,Com Vítimas Feridas,Pleno dia,Nublado,Dupla   ,Urbano,Motocicletas,Ferido Leve ,24.0,Feminino
478648,17/01/2009,RN,101,PARNAMIRIM,Desobediência à sinalização,Colisão Transversal,Sem Vítimas        ,Plena noite,Ceu Claro,Dupla   ,Urbano,Microônibus,Ileso       ,22.0,Masculino
478648,17/01/2009,RN,101,PARNAMIRIM,Desobediência à sinalização,Colisão Transversal,Sem Vítimas        ,Plena noite,Ceu Claro,Dupla   ,Urbano,Automóvel,Ileso       ,39.0,Masculino
478682,17/01/2009,RN,101,PARNAMIRIM,Não guardar distância de segurança,Colisão traseira,Sem Vítimas        ,Pleno dia,Nublado,Dupla   ,Urbano,Automóvel,Ileso       ,-1.0,Masculino
478682,17/01/2009,RN,101,PARNAMIRIM,Não guardar distância de segurança,Colisão traseira,Sem Vítimas        ,Pleno dia,Nublado,Dupla   ,Urbano,Automóvel,Ileso       ,51.0,Masculino
478744,18/01/2009,RN,304,MOSSORO,Defeito mecânico em veículo,Saída de Pista,Sem Vítimas        ,Amanhecer,Ceu Claro,Simples ,Rural ,Automóvel,Ileso       ,21.0,Masculino
478821,14/01/2009,RN,101,NATAL,Outras,Colisão lateral,Sem Vítimas        ,Pleno dia,Ceu Claro,Dupla   ,Urbano,Automóvel,Ileso       ,27.0,Feminino
478821,14/01/2009,RN,101,NATAL,Outras,Colisão lateral,Sem Vítimas        ,Pleno dia,Ceu Claro,Dupla   ,Urbano,Caminhão,Ileso       ,36.0,Masculino
478874,15/01/2009,RN,101,NATAL,Ingestão de álcool,Colisão Transversal,Sem Vítimas        ,Plena noite,Ceu Claro,Múltipla,Urbano,Automóvel,Ileso       ,23.0,Masculino
478874,15/01/2009,RN,101,NATAL,Ingestão de álcool,Colisão Transversal,Sem Vítimas        ,Plena noite,Ceu Claro,Múltipla,Urbano,Automóvel,Ileso       ,54.0,Masculino
478937,15/01/2009,RN,101,NATAL,Desobediência à sinalização,Colisão frontal,Sem Vítimas        ,Plena noite,Ceu Claro,Dupla   ,Urbano,Automóvel,Ileso       ,18.0,Masculino
478937,15/01/2009,RN,101,NATAL,Desobediência à sinalização,Colisão frontal,Sem Vítimas        ,Plena noite,Ceu Claro,Dupla   ,Urbano,Automóvel,Ileso       ,35.0,Masculino
478962,17/01/2009,RN,101,NATAL,Outras,Colisão lateral,Sem Vítimas        ,Pleno dia,Ceu Claro,Dupla   ,Urbano,Microônibus,Ileso       ,27.0,Masculino
478962,17/01/2009,RN,101,NATAL,Outras,Colisão lateral,Sem Vítimas        ,Pleno dia,Ceu Claro,Dupla   ,Urbano,Automóvel,Ileso       ,36.0,Masculino
478995,16/01/2009,RN,304,MACAIBA,Outras,Colisão frontal,Com Vítimas Fatais ,Amanhecer,Nublado,Simples ,Rural ,Caminhão,Ileso       ,68.0,Masculino
478995,16/01/2009,RN,304,MACAIBA,Outras,Colisão frontal,Com Vítimas Fatais ,Amanhecer,Nublado,Simples ,Rural ,Automóvel,Morto       ,42.0,Masculino
478995,16/01/2009,RN,304,MACAIBA,Outras,Colisão frontal,Com Vítimas Fatais ,Amanhecer,Nublado,Simples ,Rural ,Automóvel,Ferido Grave,51.0,Feminino
478995,16/01/2009,RN,304,MACAIBA,Outras,Colisão frontal,Com Vítimas Fatais ,Amanhecer,Nublado,Simples ,Rural ,Automóvel,Ferido Grave,54.0,Masculino
478995,16/01/2009,RN,304,MACAIBA,Outras,Colisão frontal,Com Vítimas Fatais ,Amanhecer,Nublado,Simples ,Rural ,Automóvel,Ferido Grave,17.0,Feminino
478995,16/01/2009,RN,304,MACAIBA,Outras,Colisão frontal,Com Vítimas Fatais ,Amanhecer,Nublado,Simples ,Rural ,Automóvel,Ferido Grave,17.0,Feminino
478995,16/01/2009,RN,304,MACAIBA,Outras,Colisão frontal,Com Vítimas Fatais ,Amanhecer,Nublado,Simples ,Rural ,Automóvel,Ferido Grave,59.0,Feminino
479121,18/01/2009,RN,304,MOSSORO,Desobediência à sinalização,Colisão lateral,Sem Vítimas        ,Plena noite,Ceu Claro,Simples ,Urbano,Caminhão,Ileso       ,27.0,Masculino
479121,18/01/2009,RN,304,MOSSORO,Desobediência à sinalização,Colisão lateral,Sem Vítimas        ,Plena noite,Ceu Claro,Simples ,Urbano,Automóvel,Ignorado    ,-1.0,Inválido
479143,18/01/2009,RN,101,CANGUARETAMA,Outras,Colisão traseira,Com Vítimas Feridas,Plena noite,Ceu Claro,Simples ,Rural ,Automóvel,Ferido Leve ,51.0,Masculino
479143,18/01/2009,RN,101,CANGUARETAMA,Outras,Colisão traseira,Com Vítimas Feridas,Plena noite,Ceu Claro,Simples ,Rural ,Caminhão,Ignorado    ,-1.0,Inválido
479199,15/01/2009,RN,101,NATAL,Outras,Colisão traseira,Sem Vítimas        ,Pleno dia,Sol,Múltipla,Urbano,Camioneta,Ileso       ,66.0,Masculino
479199,15/01/2009,RN,101,NATAL,Outras,Colisão traseira,Sem Vítimas        ,Pleno dia,Sol,Múltipla,Urbano,Automóvel,Ileso       ,23.0,Masculino
479289,19/01/2009,RN,101,SAO GONCALO DO AMARANTE,Não guardar distância de segurança,Colisão traseira,Sem Vítimas        ,Pleno dia,Ceu Claro,Dupla   ,Urbano,Automóvel,Ileso       ,25.0,Masculino
479289,19/01/2009,RN,101,SAO GONCALO DO AMARANTE,Não guardar distância de segurança,Colisão traseira,Sem Vítimas        ,Pleno dia,Ceu Claro,Dupla   ,Urbano,Automóvel,Ileso       ,55.0,Masculino
479298,19/01/2009,RN,226,CAMPO REDONDO,Não guardar distância de segurança,Colisão traseira,Sem Vítimas        ,Pleno dia,Ceu Claro,Simples ,Rural ,Caminhão,Ileso       ,28.0,Masculino
479298,19/01/2009,RN,226,CAMPO REDONDO,Não guardar distância de segurança,Colisão traseira,Sem Vítimas        ,Pleno dia,Ceu Claro,Simples ,Rural ,Automóvel,Ileso       ,66.0,Masculino
479344,19/01/2009,RN,304,MOSSORO,Falta de atenção,Colisão Transversal,Com Vítimas Feridas,Pleno dia,Ceu Claro,Simples ,Urbano,Motocicletas,Ferido Grave,59.0,Masculino
479344,19/01/2009,RN,304,MOSSORO,Falta de atenção,Colisão Transversal,Com Vítimas Feridas,Pleno dia,Ceu Claro,Simples ,Urbano,Automóvel,Ileso       ,72.0,Masculino
479358,19/01/2009,RN,304,MOSSORO,Desobediência à sinalização,Colisão Transversal,Sem Vítimas        ,Pleno dia,Sol,Dupla   ,Urbano,Camioneta,Ileso       ,53.0,Masculino
479358,19/01/2009,RN,304,MOSSORO,Desobediência à sinalização,Colisão Transversal,Sem Vítimas        ,Pleno dia,Sol,Dupla   ,Urbano,Automóvel,Ileso       ,49.0,Masculino
479433,19/01/2009,RN,304,MACAIBA,Outras,Saída de Pista,Com Vítimas Feridas,Pleno dia,Ceu Claro,Simples ,Rural ,Automóvel,Ferido Leve ,22.0,Feminino
479433,19/01/2009,RN,304,MACAIBA,Outras,Saída de Pista,Com Vítimas Feridas,Pleno dia,Ceu Claro,Simples ,Rural ,Automóvel,Ferido Leve ,22.0,Feminino
479462,19/01/2009,RN,101,NATAL,Falta de atenção,Colisão lateral,Sem Vítimas        ,Pleno dia,Sol,Dupla   ,Urbano,Automóvel,Ileso       ,67.0,Masculino
479462,19/01/2009,RN,101,NATAL,Falta de atenção,Colisão lateral,Sem Vítimas        ,Pleno dia,Sol,Dupla   ,Urbano,Caminhão,Ileso       ,28.0,Masculino
479480,19/01/2009,RN,101,CANGUARETAMA,Defeito mecânico em veículo,Colisão com objeto móvel,Sem Vítimas        ,Pleno dia,Sol,Simples ,Rural ,Caminhão-Trator,Ileso       ,29.0,Masculino
479480,19/01/2009,RN,101,CANGUARETAMA,Defeito mecânico em veículo,Colisão com objeto móvel,Sem Vítimas        ,Pleno dia,Sol,Simples ,Rural ,Automóvel,Ileso       ,43.0,Masculino
479486,16/01/2009,RN,304,LAJES,Outras,Colisão com objeto fixo,Sem Vítimas        ,Pleno dia,Chuva,Simples ,Rural ,Automóvel,Ileso       ,30.0,Masculino
479513,16/01/2009,RN,304,LAJES,Não guardar distância de segurança,Colisão traseira,Sem Vítimas        ,Anoitecer,Chuva,Simples ,Urbano,Automóvel,Ileso       ,26.0,Masculino
479513,16/01/2009,RN,304,LAJES,Não guardar distância de segurança,Colisão traseira,Sem Vítimas        ,Anoitecer,Chuva,Simples ,Urbano,Automóvel,Ileso       ,34.0,Masculino
479552,07/01/2009,RN,101,PARNAMIRIM,Falta de atenção,Colisão traseira,Sem Vítimas        ,Plena noite,Ceu Claro,Dupla   ,Urbano,Automóvel,Ileso       ,28.0,Masculino
479552,07/01/2009,RN,101,PARNAMIRIM,Falta de atenção,Colisão traseira,Sem Vítimas        ,Plena noite,Ceu Claro,Dupla   ,Urbano,Automóvel,Ileso       ,26.0,Masculino
479596,19/01/2009,RN,101,SAO GONCALO DO AMARANTE,Não guardar distância de segurança,Colisão traseira,Sem Vítimas        ,Plena noite,Ceu Claro,Dupla   ,Urbano,Motocicletas,Ileso       ,-1.0,Masculino
479596,19/01/2009,RN,101,SAO GONCALO DO AMARANTE,Não guardar distância de segurança,Colisão traseira,Sem Vítimas        ,Plena noite,Ceu Claro,Dupla   ,Urbano,Automóvel,Ileso       ,-1.0,Masculino
479608,19/01/2009,RN,101,PARNAMIRIM,Desobediência à sinalização,Colisão Transversal,Com Vítimas Feridas,Pleno dia,Ceu Claro,Dupla   ,Urbano,Automóvel,Ileso       ,47.0,Masculino
479608,19/01/2009,RN,101,PARNAMIRIM,Desobediência à sinalização,Colisão Transversal,Com Vítimas Feridas,Pleno dia,Ceu Claro,Dupla   ,Urbano,Automóvel,Ileso       ,24.0,Feminino
479608,19/01/2009,RN,101,PARNAMIRIM,Desobediência à sinalização,Colisão Transversal,Com Vítimas Feridas,Pleno dia,Ceu Claro,Dupla   ,Urbano,Motocicletas,Ferido Leve ,31.0,Masculino
479623,19/01/2009,RN,405,MOSSORO,Falta de atenção,Colisão com bicicleta,Com Vítimas Feridas,Anoitecer,Ceu Claro,Dupla   ,Urbano,Motocicletas,Ileso       ,48.0,Masculino
479623,19/01/2009,RN,405,MOSSORO,Falta de atenção,Colisão com bicicleta,Com Vítimas Feridas,Anoitecer,Ceu Claro,Dupla   ,Urbano,Bicicleta,Ferido Leve ,21.0,Feminino
479623,19/01/2009,RN,405,MOSSORO,Falta de atenção,Colisão com bicicleta,Com Vítimas Feridas,Anoitecer,Ceu Claro,Dupla   ,Urbano,Bicicleta,Ileso       ,25.0,Feminino
479649,19/01/2009,RN,101,NATAL,Falta de atenção,Colisão Transversal,Sem Vítimas        ,Pleno dia,Ceu Claro,Dupla   ,Urbano,Automóvel,Ignorado    ,32.0,Feminino
479649,19/01/2009,RN,101,NATAL,Falta de atenção,Colisão Transversal,Sem Vítimas        ,Pleno dia,Ceu Claro,Dupla   ,Urbano,Automóvel,Ileso       ,31.0,Feminino
479737,19/01/2009,RN,406,CEARA-MIRIM,Falta de atenção,Colisão com objeto fixo,Sem Vítimas        ,Pleno dia,Sol,Dupla   ,Rural ,Caminhão,Ileso       ,39.0,Masculino
479868,20/01/2009,RN,101,GOIANINHA,Falta de atenção,Colisão traseira,Sem Vítimas        ,Pleno dia,Ceu Claro,Simples ,Urbano,Automóvel,Ileso       ,26.0,Masculino
479868,20/01/2009,RN,101,GOIANINHA,Falta de atenção,Colisão traseira,Sem Vítimas        ,Pleno dia,Ceu Claro,Simples ,Urbano,Automóvel,Ileso       ,-1.0,Masculino
479868,20/01/2009,RN,101,GOIANINHA,Falta de atenção,Colisão traseira,Sem Vítimas        ,Pleno dia,Ceu Claro,Simples ,Urbano,Não identificado,Ignorado    ,-1.0,Inválido
479914,17/01/2009,RN,406,JOAO CAMARA,Outras,Atropelamento de pessoa,Com Vítimas Fatais ,Plena noite,Ceu Claro,Simples ,Rural ,Não identificado,Ignorado    ,-1.0,Inválido
479914,17/01/2009,RN,406,JOAO CAMARA,Outras,Atropelamento de pessoa,Com Vítimas Fatais ,Plena noite,Ceu Claro,Simples ,Rural ,(null),Morto       ,63.0,Masculino
480000,20/01/2009,RN,304,MOSSORO,Não guardar distância de segurança,Colisão traseira,Com Vítimas Feridas,Pleno dia,Nevoeiro/neblina,Simples ,Urbano,Motocicletas,Ferido Leve ,38.0,Masculino
480000,20/01/2009,RN,304,MOSSORO,Não guardar distância de segurança,Colisão traseira,Com Vítimas Feridas,Pleno dia,Nevoeiro/neblina,Simples ,Urbano,Automóvel,Ileso       ,30.0,Masculino
480006,20/01/2009,RN,110,MOSSORO,Falta de atenção,Colisão Transversal,Com Vítimas Feridas,Plena noite,Ceu Claro,Dupla   ,Urbano,Automóvel,Ileso       ,30.0,Masculino
480006,20/01/2009,RN,110,MOSSORO,Falta de atenção,Colisão Transversal,Com Vítimas Feridas,Plena noite,Ceu Claro,Dupla   ,Urbano,Motocicletas,Ferido Leve ,41.0,Masculino
480008,16/01/2009,RN,101,NATAL,Falta de atenção,Colisão lateral,Sem Vítimas        ,Pleno dia,Chuva,Dupla   ,Urbano,Ônibus,Ileso       ,7.0,Masculino
480008,16/01/2009,RN,101,NATAL,Falta de atenção,Colisão lateral,Sem Vítimas        ,Pleno dia,Chuva,Dupla   ,Urbano,Automóvel,Ileso       ,54.0,Feminino
480011,20/01/2009,RN,101,PARNAMIRIM,Falta de atenção,Colisão lateral,Sem Vítimas        ,Pleno dia,Sol,Dupla   ,Urbano,Caminhão,Ileso       ,27.0,Masculino
480011,20/01/2009,RN,101,PARNAMIRIM,Falta de atenção,Colisão lateral,Sem Vítimas        ,Pleno dia,Sol,Dupla   ,Urbano,Automóvel,Ileso       ,30.0,Feminino
480011,20/01/2009,RN,101,PARNAMIRIM,Falta de atenção,Colisão lateral,Sem Vítimas        ,Pleno dia,Sol,Dupla   ,Urbano,Camioneta,Ileso       ,35.0,Masculino
480040,20/01/2009,RN,101,PARNAMIRIM,Falta de atenção,Colisão Transversal,Com Vítimas Feridas,Pleno dia,Ceu Claro,Dupla   ,Urbano,Motocicletas,Ileso       ,-1.0,Masculino
480040,20/01/2009,RN,101,PARNAMIRIM,Falta de atenção,Colisão Transversal,Com Vítimas Feridas,Pleno dia,Ceu Claro,Dupla   ,Urbano,Bicicleta,Ferido Grave,20.0,Masculino
480059,16/01/2009,RN,101,NATAL,Outras,Colisão traseira,Sem Vítimas        ,Pleno dia,Ceu Claro,Dupla   ,Urbano,Automóvel,Ileso       ,50.0,Masculino
480059,16/01/2009,RN,101,NATAL,Outras,Colisão traseira,Sem Vítimas        ,Pleno dia,Ceu Claro,Dupla   ,Urbano,Motocicletas,Ileso       ,21.0,Masculino
480141,17/01/2009,RN,101,PARNAMIRIM,Outras,Colisão lateral,Sem Vítimas        ,Plena noite,Ceu Claro,Dupla   ,Urbano,Automóvel,Ileso       ,32.0,Feminino
480141,17/01/2009,RN,101,PARNAMIRIM,Outras,Colisão lateral,Sem Vítimas        ,Plena noite,Ceu Claro,Dupla   ,Urbano,Automóvel,Ignorado    ,-1.0,Masculino
480141,17/01/2009,RN,101,PARNAMIRIM,Outras,Colisão lateral,Sem Vítimas        ,Plena noite,Ceu Claro,Dupla   ,Urbano,Automóvel,Ignorado    ,-1.0,Masculino
480214,21/01/2009,RN,110,MOSSORO,Falta de atenção,Colisão Transversal,Com Vítimas Feridas,Pleno dia,Ceu Claro,Dupla   ,Urbano,Caminhonete,Ileso       ,50.0,Masculino
480214,21/01/2009,RN,110,MOSSORO,Falta de atenção,Colisão Transversal,Com Vítimas Feridas,Pleno dia,Ceu Claro,Dupla   ,Urbano,Motocicletas,Ferido Leve ,43.0,Masculino
480214,21/01/2009,RN,110,MOSSORO,Falta de atenção,Colisão Transversal,Com Vítimas Feridas,Pleno dia,Ceu Claro,Dupla   ,Urbano,Motocicletas,Ferido Leve ,16.0,Feminino
480223,21/01/2009,RN,101,PARNAMIRIM,Defeito mecânico em veículo,Colisão lateral,Sem Vítimas        ,Pleno dia,Nublado,Dupla   ,Urbano,Caminhonete,Ileso       ,24.0,Masculino
480223,21/01/2009,RN,101,PARNAMIRIM,Defeito mecânico em veículo,Colisão lateral,Sem Vítimas        ,Pleno dia,Nublado,Dupla   ,Urbano,Caminhão-Trator,Ileso       ,34.0,Masculino
480223,21/01/2009,RN,101,PARNAMIRIM,Defeito mecânico em veículo,Colisão lateral,Sem Vítimas        ,Pleno dia,Nublado,Dupla   ,Urbano,Motocicletas,Ileso       ,29.0,Masculino
480275,21/01/2009,RN,101,PARNAMIRIM,Outras,Colisão traseira,Sem Vítimas        ,Pleno dia,Nublado,Dupla   ,Urbano,Automóvel,Ileso       ,26.0,Masculino
480275,21/01/2009,RN,101,PARNAMIRIM,Outras,Colisão traseira,Sem Vítimas        ,Pleno dia,Nublado,Dupla   ,Urbano,Caminhão,Ileso       ,30.0,Masculino
480292,21/01/2009,RN,101,SAO JOSE DE MIPIBU,Falta de atenção,Colisão traseira,Com Vítimas Feridas,Pleno dia,Nublado,Simples ,Rural ,Automóvel,Ileso       ,51.0,Masculino
480292,21/01/2009,RN,101,SAO JOSE DE MIPIBU,Falta de atenção,Colisão traseira,Com Vítimas Feridas,Pleno dia,Nublado,Simples ,Rural ,Automóvel,Ileso       ,35.0,Masculino
480292,21/01/2009,RN,101,SAO JOSE DE MIPIBU,Falta de atenção,Colisão traseira,Com Vítimas Feridas,Pleno dia,Nublado,Simples ,Rural ,Automóvel,Ferido Leve ,24.0,Feminino
480347,21/01/2009,RN,304,LAJES,Falta de atenção,Saída de Pista,Sem Vítimas        ,Pleno dia,Nublado,Simples ,Rural ,Automóvel,Ileso       ,76.0,Masculino
480347,21/01/2009,RN,304,LAJES,Falta de atenção,Saída de Pista,Sem Vítimas        ,Pleno dia,Nublado,Simples ,Rural ,Ônibus,Ileso       ,25.0,Masculino
480389,21/01/2009,RN,101,PARNAMIRIM,Outras,Colisão Transversal,Com Vítimas Feridas,Anoitecer,Nublado,Dupla   ,Urbano,Motocicletas,Ferido Leve ,35.0,Masculino
480389,21/01/2009,RN,101,PARNAMIRIM,Outras,Colisão Transversal,Com Vítimas Feridas,Anoitecer,Nublado,Dupla   ,Urbano,Motocicletas,Ferido Leve ,23.0,Feminino
480389,21/01/2009,RN,101,PARNAMIRIM,Outras,Colisão Transversal,Com Vítimas Feridas,Anoitecer,Nublado,Dupla   ,Urbano,Automóvel,Ileso       ,-1.0,Inválido
480393,21/01/2009,RN,110,MOSSORO,Não guardar distância de segurança,Colisão traseira,Sem Vítimas        ,Pleno dia,Nublado,Simples ,Urbano,Caminhonete,Ileso       ,28.0,Masculino
480393,21/01/2009,RN,110,MOSSORO,Não guardar distância de segurança,Colisão traseira,Sem Vítimas        ,Pleno dia,Nublado,Simples ,Urbano,Automóvel,Ileso       ,44.0,Masculino
480432,21/01/2009,RN,101,NATAL,Defeito mecânico em veículo,Colisão com objeto móvel,Com Vítimas Feridas,Anoitecer,Nublado,Dupla   ,Urbano,Automóvel,Ferido Leve ,35.0,Feminino
480432,21/01/2009,RN,101,NATAL,Defeito mecânico em veículo,Colisão com objeto móvel,Com Vítimas Feridas,Anoitecer,Nublado,Dupla   ,Urbano,Automóvel,Ileso       ,23.0,Masculino
480497,21/01/2009,RN,405,MOSSORO,Falta de atenção,Colisão com bicicleta,Com Vítimas Feridas,Plena noite,Nublado,Dupla   ,Urbano,Bicicleta,Ignorado    ,-1.0,Masculino
480497,21/01/2009,RN,405,MOSSORO,Falta de atenção,Colisão com bicicleta,Com Vítimas Feridas,Plena noite,Nublado,Dupla   ,Urbano,Motocicletas,Ferido Leve ,21.0,Masculino
480504,21/01/2009,RN,304,ASSU,Defeito mecânico em veículo,Colisão frontal,Com Vítimas Feridas,Plena noite,Nublado,Simples ,Rural ,Camioneta,Ferido Leve ,55.0,Masculino
480504,21/01/2009,RN,304,ASSU,Defeito mecânico em veículo,Colisão frontal,Com Vítimas Feridas,Plena noite,Nublado,Simples ,Rural ,Caminhonete,Ileso       ,37.0,Masculino
480504,21/01/2009,RN,304,ASSU,Defeito mecânico em veículo,Colisão frontal,Com Vítimas Feridas,Plena noite,Nublado,Simples ,Rural ,Caminhonete,Ferido Leve ,30.0,Masculino
480541,21/01/2009,RN,101,NATAL,Desobediência à sinalização,Colisão lateral,Sem Vítimas        ,Plena noite,Ceu Claro,Múltipla,Urbano,Ônibus,Ileso       ,48.0,Masculino
480541,21/01/2009,RN,101,NATAL,Desobediência à sinalização,Colisão lateral,Sem Vítimas        ,Plena noite,Ceu Claro,Múltipla,Urbano,Automóvel,Ileso       ,19.0,Masculino
480621,09/01/2009,RN,101,NATAL,Outras,Colisão Transversal,Sem Vítimas        ,Pleno dia,Sol,Múltipla,Urbano,Caminhão,Ileso       ,59.0,Masculino
480621,09/01/2009,RN,101,NATAL,Outras,Colisão Transversal,Sem Vítimas        ,Pleno dia,Sol,Múltipla,Urbano,Automóvel,Ileso       ,23.0,Masculino
480621,09/01/2009,RN,101,NATAL,Outras,Colisão Transversal,Sem Vítimas        ,Pleno dia,Sol,Múltipla,Urbano,Automóvel,Ileso       ,54.0,Masculino
480645,18/01/2009,RN,101,PARNAMIRIM,Outras,Colisão Transversal,Com Vítimas Fatais ,Pleno dia,Sol,Dupla   ,Urbano,Automóvel,Ileso       ,50.0,Masculino
480645,18/01/2009,RN,101,PARNAMIRIM,Outras,Colisão Transversal,Com Vítimas Fatais ,Pleno dia,Sol,Dupla   ,Urbano,Motocicletas,Morto       ,26.0,Masculino
480645,18/01/2009,RN,101,PARNAMIRIM,Outras,Colisão Transversal,Com Vítimas Fatais ,Pleno dia,Sol,Dupla   ,Urbano,Automóvel,Ileso       ,48.0,Feminino
480721,22/01/2009,RN,405,MOSSORO,Defeito mecânico em veículo,Colisão traseira,Sem Vítimas        ,Pleno dia,Ceu Claro,Dupla   ,Urbano,Automóvel,Ileso       ,59.0,Masculino
480721,22/01/2009,RN,405,MOSSORO,Defeito mecânico em veículo,Colisão traseira,Sem Vítimas        ,Pleno dia,Ceu Claro,Dupla   ,Urbano,Caminhonete,Ileso       ,49.0,Masculino
480988,20/01/2009,RN,101,EXTREMOZ,Falta de atenção,Colisão traseira,Com Vítimas Feridas,Anoitecer,Chuva,Simples ,Rural ,Carroça,Ferido Leve ,46.0,Masculino
480988,20/01/2009,RN,101,EXTREMOZ,Falta de atenção,Colisão traseira,Com Vítimas Feridas,Anoitecer,Chuva,Simples ,Rural ,Motocicletas,Ignorado    ,-1.0,Masculino
480991,23/01/2009,RN,101,PARNAMIRIM,Falta de atenção,Colisão traseira,Sem Vítimas        ,Pleno dia,Nublado,Dupla   ,Urbano,Caminhonete,Ileso       ,24.0,Masculino
480991,23/01/2009,RN,101,PARNAMIRIM,Falta de atenção,Colisão traseira,Sem Vítimas        ,Pleno dia,Nublado,Dupla   ,Urbano,Caminhonete,Ileso       ,27.0,Feminino
480991,23/01/2009,RN,101,PARNAMIRIM,Falta de atenção,Colisão traseira,Sem Vítimas        ,Pleno dia,Nublado,Dupla   ,Urbano,Automóvel,Ileso       ,44.0,Masculino
481101,01/01/2009,RN,101,EXTREMOZ,Outras,Colisão Transversal,Com Vítimas Feridas,Plena noite,Ceu Claro,Dupla   ,Urbano,Utilitário,Ileso       ,42.0,Masculino
481101,01/01/2009,RN,101,EXTREMOZ,Outras,Colisão Transversal,Com Vítimas Feridas,Plena noite,Ceu Claro,Dupla   ,Urbano,Carroça,Ferido Leve ,-1.0,Masculino
481118,23/01/2009,RN,304,MOSSORO,Outras,Colisão Transversal,Com Vítimas Feridas,Pleno dia,Nublado,Simples ,Urbano,Automóvel,Ferido Grave,38.0,Masculino
481118,23/01/2009,RN,304,MOSSORO,Outras,Colisão Transversal,Com Vítimas Feridas,Pleno dia,Nublado,Simples ,Urbano,Caminhão,Ileso       ,54.0,Masculino
481140,22/01/2009,RN,110,MOSSORO,Não guardar distância de segurança,Colisão traseira,Sem Vítimas        ,Pleno dia,Ceu Claro,Simples ,Rural ,Caminhão,Ileso       ,45.0,Masculino
481140,22/01/2009,RN,110,MOSSORO,Não guardar distância de segurança,Colisão traseira,Sem Vítimas        ,Pleno dia,Ceu Claro,Simples ,Rural ,Ônibus,Ileso       ,37.0,Masculino
481206,23/01/2009,RN,101,NATAL,Não guardar distância de segurança,Colisão traseira,Sem Vítimas        ,Pleno dia,Ceu Claro,Dupla   ,Urbano,Automóvel,Ileso       ,24.0,Masculino