id,data_inversa,uf,br,municipio,causa_acidente,tipo_acidente,classificacao_acidente,fase_dia,condicao_metereologica,tipo_pista,uso_solo,tipo_veiculo,estado_fisico,idade,sexo
508401,28/03/2009,RN,101,NATAL,Falta de atenção,Atropelamento de pessoa,Com Vítimas Feridas,Plena noite,Ceu Claro,Dupla   ,Urbano,Automóvel,Ignorado    ,-1.0,Inválido
508402,25/03/2009,RN,101,PARNAMIRIM,Outras,Colisão traseira,Sem Vítimas        ,Pleno dia,Ceu Claro,Simples ,Rural ,Motocicletas,Ileso       ,20.0,Feminino
508402,25/03/2009,RN,101,PARNAMIRIM,Outras,Colisão traseira,Sem Vítimas        ,Pleno dia,Ceu Claro,Simples ,Rural ,Camioneta,Ileso       ,72.0,Masculino
508409,31/03/2009,RN,101,NATAL,Falta de atenção,Colisão traseira,Sem Vítimas        ,Pleno dia,Nublado,Dupla   ,Urbano,Automóvel,Ileso       ,60.0,Masculino
508409,31/03/2009,RN,101,NATAL,Falta de atenção,Colisão traseira,Sem Vítimas        ,Pleno dia,Nublado,Dupla   ,Urbano,Automóvel,Ileso       ,32.0,Masculino
508409,31/03/2009,RN,101,NATAL,Falta de atenção,Colisão traseira,Sem Vítimas        ,Pleno dia,Nublado,Dupla   ,Urbano,Automóvel,Ileso       ,59.0,Masculino
508426,11/03/2009,RN,101,NATAL,Falta de atenção,Atropelamento de pessoa,Com Vítimas Feridas,Plena noite,Ceu Claro,Múltipla,Urbano,Automóvel,Ileso       ,49.0,Masculino
508426,11/03/2009,RN,101,NATAL,Falta de atenção,Atropelamento de pessoa,Com Vítimas Feridas,Plena noite,Ceu Claro,Múltipla,Urbano,(null),Ferido Grave,27.0,Masculino
508438,21/03/2009,RN,101,PARNAMIRIM,Outras,Colisão Transversal,Sem Vítimas        ,Plena noite,Nublado,Dupla   ,Urbano,Motocicletas,Ileso       ,33.0,Masculino
508438,21/03/2009,RN,101,PARNAMIRIM,Outras,Colisão Transversal,Sem Vítimas        ,Plena noite,Nublado,Dupla   ,Urbano,Automóvel,Ileso       ,-1.0,Inválido
508443,22/03/2009,RN,101,PARNAMIRIM,Falta de atenção,Colisão lateral,Sem Vítimas        ,Pleno dia,Nublado,Dupla   ,Urbano,Caminhão,Ileso       ,34.0,Masculino
508443,22/03/2009,RN,101,PARNAMIRIM,Falta de atenção,Colisão lateral,Sem Vítimas        ,Pleno dia,Nublado,Dupla   ,Urbano,Automóvel,Ileso       ,38.0,Masculino
508471,31/03/2009,RN,101,NATAL,Falta de atenção,Colisão traseira,Sem Vítimas        ,Pleno dia,Nublado,Dupla   ,Urbano,Caminhonete,Ileso       ,37.0,Masculino
508471,31/03/2009,RN,101,NATAL,Falta de atenção,Colisão traseira,Sem Vítimas        ,Pleno dia,Nublado,Dupla   ,Urbano,Automóvel,Ileso       ,84.0,Masculino
508479,31/03/2009,RN,101,NATAL,Outras,Colisão traseira,Sem Vítimas        ,Pleno dia,Ceu Claro,Simples ,Urbano,Automóvel,Ileso       ,62.0,Masculino
508479,31/03/2009,RN,101,NATAL,Outras,Colisão traseira,Sem Vítimas        ,Pleno dia,Ceu Claro,Simples ,Urbano,Automóvel,Ileso       ,37.0,Feminino
508509,31/03/2009,RN,101,NATAL,Falta de atenção,Colisão traseira,Sem Vítimas        ,Pleno dia,Ceu Claro,Dupla   ,Urbano,Automóvel,Ileso       ,49.0,Masculino
508509,31/03/2009,RN,101,NATAL,Falta de atenção,Colisão traseira,Sem Vítimas        ,Pleno dia,Ceu Claro,Dupla   ,Urbano,Automóvel,Ileso       ,59.0,Feminino
508518,31/03/2009,RN,304,MOSSORO,Não guardar distância de segurança,Colisão traseira,Sem Vítimas        ,Pleno dia,Ceu Claro,Simples ,Urbano,Automóvel,Ileso       ,36.0,Masculino
508518,31/03/2009,RN,304,MOSSORO,Não guardar distância de segurança,Colisão traseira,Sem Vítimas        ,Pleno dia,Ceu Claro,Simples ,Urbano,Automóvel,Ileso       ,24.0,Masculino
508598,29/03/2009,RN,304,MOSSORO,Ingestão de álcool,Colisão Transversal,Sem Vítimas        ,Pleno dia,Chuva,Simples ,Rural ,Caminhão,Ileso       ,33.0,Masculino
508598,29/03/2009,RN,304,MOSSORO,Ingestão de álcool,Colisão Transversal,Sem Vítimas        ,Pleno dia,Chuva,Simples ,Rural ,Automóvel,Ileso       ,62.0,Masculino
508635,28/03/2009,RN,304,PARNAMIRIM,Outras,Saída de Pista,Ignorado           ,Pleno dia,Chuva,Dupla   ,Rural ,Automóvel,Ignorado    ,-1.0,Masculino
508659,31/03/2009,RN,101,ARES,Outras,Colisão traseira,Sem Vítimas        ,Plena noite,Ceu Claro,Simples ,Rural ,Automóvel,Ileso       ,26.0,Masculino
508659,31/03/2009,RN,101,ARES,Outras,Colisão traseira,Sem Vítimas        ,Plena noite,Ceu Claro,Simples ,Rural ,Automóvel,Ileso       ,54.0,Masculino
508659,31/03/2009,RN,101,ARES,Outras,Colisão traseira,Sem Vítimas        ,Plena noite,Ceu Claro,Simples ,Rural ,Automóvel,Ileso       ,52.0,Feminino
508659,31/03/2009,RN,101,ARES,Outras,Colisão traseira,Sem Vítimas        ,Plena noite,Ceu Claro,Simples ,Rural ,Automóvel,Ileso       ,36.0,Masculino
508716,31/03/2009,RN,101,PARNAMIRIM,Defeito mecânico em veículo,Colisão com objeto móvel,Sem Vítimas        ,Plena noite,Ceu Claro,Múltipla,Urbano,Camioneta,Ileso       ,58.0,Masculino
508716,31/03/2009,RN,101,PARNAMIRIM,Defeito mecânico em veículo,Colisão com objeto móvel,Sem Vítimas        ,Plena noite,Ceu Claro,Múltipla,Urbano,Camioneta,Ileso       ,52.0,Masculino
508756,01/04/2009,RN,304,MACAIBA,Outras,Danos Eventuais,Sem Vítimas        ,Pleno dia,Ceu Claro,Simples ,Urbano,Automóvel,Ileso       ,42.0,Masculino
508756,01/04/2009,RN,304,MACAIBA,Outras,Danos Eventuais,Sem Vítimas        ,Pleno dia,Ceu Claro,Simples ,Urbano,Ônibus,Ileso       ,51.0,Masculino
508835,28/03/2009,RN,226,SANTA CRUZ,Animais na Pista,Atropelamento de animal,Sem Vítimas        ,Anoitecer,Ceu Claro,Simples ,Rural ,Caminhonete,Ileso       ,26.0,Masculino
508867,28/03/2009,RN,101,SAO GONCALO DO AMARANTE,Outras,Atropelamento de pessoa,Com Vítimas Feridas,Pleno dia,Ceu Claro,Dupla   ,Urbano,(null),Ferido Grave,29.0,Masculino
508867,28/03/2009,RN,101,SAO GONCALO DO AMARANTE,Outras,Atropelamento de pessoa,Com Vítimas Feridas,Pleno dia,Ceu Claro,Dupla   ,Urbano,Automóvel,Ignorado    ,-1.0,Inválido
508877,01/04/2009,RN,406,GUAMARE,Ultrapassagem indevida,Saída de Pista,Com Vítimas Feridas,Pleno dia,Chuva,Simples ,Rural ,Automóvel,Ferido Leve ,37.0,Feminino
508943,01/04/2009,RN,101,SAO JOSE DE MIPIBU,Outras,Colisão lateral,Sem Vítimas        ,Pleno dia,Sol,Simples ,Rural ,Ônibus,Ileso       ,57.0,Masculino
508943,01/04/2009,RN,101,SAO JOSE DE MIPIBU,Outras,Colisão lateral,Sem Vítimas        ,Pleno dia,Sol,Simples ,Rural ,Caminhão-Trator,Ileso       ,26.0,Masculino
509059,01/04/2009,RN,101,NATAL,Outras,Colisão lateral,Sem Vítimas        ,Plena noite,Ceu Claro,Múltipla,Urbano,Automóvel,Ileso       ,54.0,Masculino
509059,01/04/2009,RN,101,NATAL,Outras,Colisão lateral,Sem Vítimas        ,Plena noite,Ceu Claro,Múltipla,Urbano,Automóvel,Ileso       ,26.0,Masculino
509067,01/04/2009,RN,101,NATAL,Desobediência à sinalização,Colisão com bicicleta,Com Vítimas Feridas,Plena noite,Ceu Claro,Múltipla,Urbano,Automóvel,Ileso       ,26.0,Masculino
509067,01/04/2009,RN,101,NATAL,Desobediência à sinalização,Colisão com bicicleta,Com Vítimas Feridas,Plena noite,Ceu Claro,Múltipla,Urbano,Bicicleta,Ferido Leve ,36.0,Masculino
509116,02/04/2009,RN,304,MOSSORO,Animais na Pista,Atropelamento de animal,Com Vítimas Feridas,Amanhecer,Ceu Claro,Simples ,Rural ,Automóvel,Ileso       ,32.0,Masculino
509116,02/04/2009,RN,304,MOSSORO,Animais na Pista,Atropelamento de animal,Com Vítimas Feridas,Amanhecer,Ceu Claro,Simples ,Rural ,Automóvel,Ferido Leve ,-1.0,Masculino
509129,26/03/2009,RN,101,SAO GONCALO DO AMARANTE,Falta de atenção,Colisão lateral,Sem Vítimas        ,Pleno dia,Ceu Claro,Dupla   ,Urbano,Automóvel,Ileso       ,11.0,Feminino
509129,26/03/2009,RN,101,SAO GONCALO DO AMARANTE,Falta de atenção,Colisão lateral,Sem Vítimas        ,Pleno dia,Ceu Claro,Dupla   ,Urbano,Caminhão,Ileso       ,37.0,Masculino
509268,29/03/2009,RN,101,GOIANINHA,Ingestão de álcool,Colisão lateral,Sem Vítimas        ,Plena noite,Ceu Claro,Simples ,Rural ,Automóvel,Ileso       ,33.0,Masculino
509268,29/03/2009,RN,101,GOIANINHA,Ingestão de álcool,Colisão lateral,Sem Vítimas        ,Plena noite,Ceu Claro,Simples ,Rural ,Automóvel,Ileso       ,49.0,Masculino
509304,17/03/2009,RN,101,NATAL,Falta de atenção,Colisão lateral,Sem Vítimas        ,Pleno dia,Chuva,Dupla   ,Urbano,Caminhão-Trator,Ileso       ,39.0,Masculino
509304,17/03/2009,RN,101,NATAL,Falta de atenção,Colisão lateral,Sem Vítimas        ,Pleno dia,Chuva,Dupla   ,Urbano,Automóvel,Ileso       ,20.0,Feminino
509394,30/03/2009,RN,101,NATAL,Falta de atenção,Colisão traseira,Sem Vítimas        ,Pleno dia,Ceu Claro,Dupla   ,Urbano,Automóvel,Ileso       ,24.0,Masculino
509394,30/03/2009,RN,101,NATAL,Falta de atenção,Colisão traseira,Sem Vítimas        ,Pleno dia,Ceu Claro,Dupla   ,Urbano,Automóvel,Ileso       ,-1.0,Masculino
509426,02/04/2009,RN,101,NATAL,Outras,Colisão Transversal,Sem Vítimas        ,Pleno dia,Sol,Múltipla,Urbano,Camioneta,Ileso       ,46.0,Feminino
509426,02/04/2009,RN,101,NATAL,Outras,Colisão Transversal,Sem Vítimas        ,Pleno dia,Sol,Múltipla,Urbano,Automóvel,Ignorado    ,-1.0,Inválido
509437,02/04/2009,RN,101,PARNAMIRIM,Falta de atenção,Colisão Transversal,Sem Vítimas        ,Pleno dia,Ceu Claro,Dupla   ,Urbano,Caminhonete,Ileso       ,28.0,Masculino
509437,02/04/2009,RN,101,PARNAMIRIM,Falta de atenção,Colisão Transversal,Sem Vítimas        ,Pleno dia,Ceu Claro,Dupla   ,Urbano,Automóvel,Ileso       ,49.0,Masculino
509477,02/04/2009,RN,304,MOSSORO,Falta de atenção,Colisão traseira,Sem Vítimas        ,Plena noite,Ceu Claro,Simples ,Rural ,Caminhão,Ileso       ,44.0,Masculino
509477,02/04/2009,RN,304,MOSSORO,Falta de atenção,Colisão traseira,Sem Vítimas        ,Plena noite,Ceu Claro,Simples ,Rural ,Automóvel,Ileso       ,52.0,Masculino
509520,21/03/2009,RN,101,PARNAMIRIM,Falta de atenção,Colisão traseira,Sem Vítimas        ,Pleno dia,Sol,Dupla   ,Urbano,Automóvel,Ileso       ,41.0,Masculino
509520,21/03/2009,RN,101,PARNAMIRIM,Falta de atenção,Colisão traseira,Sem Vítimas        ,Pleno dia,Sol,Dupla   ,Urbano,Automóvel,Ileso       ,44.0,Masculino
509520,21/03/2009,RN,101,PARNAMIRIM,Falta de atenção,Colisão traseira,Sem Vítimas        ,Pleno dia,Sol,Dupla   ,Urbano,Automóvel,Ileso       ,32.0,Feminino
509564,31/03/2009,RN,304,MACAIBA,Ultrapassagem indevida,Colisão Transversal,Sem Vítimas        ,Amanhecer,Ceu Claro,Simples ,Urbano,Caminhão,Ileso       ,33.0,Masculino
509564,31/03/2009,RN,304,MACAIBA,Ultrapassagem indevida,Colisão Transversal,Sem Vítimas        ,Amanhecer,Ceu Claro,Simples ,Urbano,Automóvel,Ileso       ,28.0,Masculino
509600,03/04/2009,RN,101,SAO JOSE DE MIPIBU,Outras,Colisão lateral,Com Vítimas Feridas,Pleno dia,Ceu Claro,Simples ,Rural ,Motocicletas,Ferido Leve ,20.0,Masculino
509600,03/04/2009,RN,101,SAO JOSE DE MIPIBU,Outras,Colisão lateral,Com Vítimas Feridas,Pleno dia,Ceu Claro,Simples ,Rural ,Automóvel,Ignorado    ,-1.0,Inválido
509618,01/04/2009,RN,101,NATAL,Não guardar distância de segurança,Colisão traseira,Com Vítimas Feridas,Plena noite,Ceu Claro,Dupla   ,Urbano,Motocicletas,Ferido Leve ,22.0,Masculino
509618,01/04/2009,RN,101,NATAL,Não guardar distância de segurança,Colisão traseira,Com Vítimas Feridas,Plena noite,Ceu Claro,Dupla   ,Urbano,Automóvel,Ileso       ,33.0,Feminino
509679,06/03/2009,RN,101,SAO GONCALO DO AMARANTE,Falta de atenção,Colisão lateral,Sem Vítimas        ,Pleno dia,Ceu Claro,Simples ,Urbano,Camioneta,Ileso       ,45.0,Masculino
509679,06/03/2009,RN,101,SAO GONCALO DO AMARANTE,Falta de atenção,Colisão lateral,Sem Vítimas        ,Pleno dia,Ceu Claro,Simples ,Urbano,Automóvel,Ileso       ,22.0,Masculino
509768,03/04/2009,RN,101,SAO JOSE DE MIPIBU,Ingestão de álcool,Saída de Pista,Com Vítimas Feridas,Pleno dia,Chuva,Dupla   ,Rural ,Automóvel,Ferido Leve ,51.0,Masculino
509770,03/04/2009,RN,110,MOSSORO,Outras,Colisão Transversal,Com Vítimas Feridas,Plena noite,Nublado,Simples ,Urbano,Motoneta,Ferido Leve ,21.0,Feminino
509770,03/04/2009,RN,110,MOSSORO,Outras,Colisão Transversal,Com Vítimas Feridas,Plena noite,Nublado,Simples ,Urbano,Caminhonete,Ileso       ,27.0,Masculino
509777,03/04/2009,RN,101,NATAL,Falta de atenção,Colisão traseira,Sem Vítimas        ,Plena noite,Nublado,Dupla   ,Urbano,Automóvel,Ileso       ,62.0,Masculino
509777,03/04/2009,RN,101,NATAL,Falta de atenção,Colisão traseira,Sem Vítimas        ,Plena noite,Nublado,Dupla   ,Urbano,Automóvel,Ileso       ,28.0,Masculino
509777,03/04/2009,RN,101,NATAL,Falta de atenção,Colisão traseira,Sem Vítimas        ,Plena noite,Nublado,Dupla   ,Urbano,Microônibus,Ileso       ,52.0,Masculino
509822,03/04/2009,RN,101,NATAL,Outras,Colisão lateral,Com Vítimas Feridas,Plena noite,Ceu Claro,Dupla   ,Urbano,Motocicletas,Ferido Leve ,30.0,Masculino
509822,03/04/2009,RN,101,NATAL,Outras,Colisão lateral,Com Vítimas Feridas,Plena noite,Ceu Claro,Dupla   ,Urbano,Camioneta,Ileso       ,-1.0,Masculino
509833,02/04/2009,RN,101,NATAL,Outras,Colisão com objeto móvel,Sem Vítimas        ,Pleno dia,Ceu Claro,Múltipla,Urbano,Automóvel,Ileso       ,57.0,Masculino
509835,03/04/2009,RN,101,NATAL,Falta de atenção,Colisão traseira,Sem Vítimas        ,Plena noite,Ceu Claro,Dupla   ,Rural ,Automóvel,Ileso       ,64.0,Masculino
509835,03/04/2009,RN,101,NATAL,Falta de atenção,Colisão traseira,Sem Vítimas        ,Plena noite,Ceu Claro,Dupla   ,Rural ,Automóvel,Ileso       ,36.0,Masculino
509840,02/04/2009,RN,101,PARNAMIRIM,Falta de atenção,Colisão traseira,Com Vítimas Feridas,Anoitecer,Ceu Claro,Dupla   ,Urbano,Automóvel,Ileso       ,41.0,Masculino
509840,02/04/2009,RN,101,PARNAMIRIM,Falta de atenção,Colisão traseira,Com Vítimas Feridas,Anoitecer,Ceu Claro,Dupla   ,Urbano,Automóvel,Ileso       ,26.0,Masculino
509840,02/04/2009,RN,101,PARNAMIRIM,Falta de atenção,Colisão traseira,Com Vítimas Feridas,Anoitecer,Ceu Claro,Dupla   ,Urbano,Automóvel,Ferido Leve ,35.0,Feminino
509860,03/04/2009,RN,226,TRIUNFO POTIGUAR,Defeito na via,Capotamento,Sem Vítimas        ,Plena noite,Chuva,Simples ,Rural ,Camioneta,Ileso       ,43.0,Feminino
509889,04/04/2009,RN,406,SAO GONCALO DO AMARANTE,Animais na Pista,Atropelamento de animal,Sem Vítimas        ,Plena noite,Nevoeiro/neblina,Simples ,Rural ,Automóvel,Ileso       ,39.0,Masculino
509892,03/04/2009,RN,110,MOSSORO,Defeito mecânico em veículo,Colisão traseira,Sem Vítimas        ,Plena noite,Ceu Claro,Dupla   ,Urbano,Caminhão,Ileso       ,54.0,Masculino
509892,03/04/2009,RN,110,MOSSORO,Defeito mecânico em veículo,Colisão traseira,Sem Vítimas        ,Plena noite,Ceu Claro,Dupla   ,Urbano,Automóvel,Ileso       ,30.0,Masculino
509945,28/03/2009,RN,101,GOIANINHA,Outras,Capotamento,Com Vítimas Feridas,Plena noite,Ceu Claro,Simples ,Urbano,Caminhão-Trator,Ferido Leve ,47.0,Masculino
509978,04/04/2009,RN,110,MOSSORO,Falta de atenção,Colisão lateral,Com Vítimas Feridas,Pleno dia,Sol,Simples ,Urbano,Automóvel,Ileso       ,21.0,Masculino
509978,04/04/2009,RN,110,MOSSORO,Falta de atenção,Colisão lateral,Com Vítimas Feridas,Pleno dia,Sol,Simples ,Urbano,Motocicletas,Ferido Leve ,30.0,Masculino
510021,04/04/2009,RN,304,MACAIBA,Falta de atenção,Colisão Transversal,Sem Vítimas        ,Pleno dia,Ceu Claro,Simples ,Urbano,Caminhonete,Ileso       ,38.0,Masculino
510021,04/04/2009,RN,304,MACAIBA,Falta de atenção,Colisão Transversal,Sem Vítimas        ,Pleno dia,Ceu Claro,Simples ,Urbano,Caminhonete,Ileso       ,34.0,Masculino
510081,04/04/2009,RN,101,PARNAMIRIM,Falta de atenção,Saída de Pista,Sem Vítimas        ,Pleno dia,Ceu Claro,Dupla   ,Rural ,Caminhonete,Ileso       ,45.0,Masculino
510081,04/04/2009,RN,101,PARNAMIRIM,Falta de atenção,Saída de Pista,Sem Vítimas        ,Pleno dia,Ceu Claro,Dupla   ,Rural ,Automóvel,Ileso       ,-1.0,Masculino
510093,04/04/2009,RN,101,NATAL,Desobediência à sinalização,Colisão Transversal,Sem Vítimas        ,Pleno dia,Ceu Claro,Múltipla,Urbano,Automóvel,Ileso       ,23.0,Feminino
510093,04/04/2009,RN,101,NATAL,Desobediência à sinalização,Colisão Transversal,Sem Vítimas        ,Pleno dia,Ceu Claro,Múltipla,Urbano,Caminhão-Trator,Ileso       ,50.0,Masculino
510167,04/04/2009,RN,101,NATAL,Falta de atenção,Colisão traseira,Sem Vítimas        ,Plena noite,Ceu Claro,Dupla   ,Urbano,Automóvel,Ileso       ,22.0,Feminino
510167,04/04/2009,RN,101,NATAL,Falta de atenção,Colisão traseira,Sem Vítimas        ,Plena noite,Ceu Claro,Dupla   ,Urbano,Automóvel,Ileso       ,37.0,Masculino
510205,04/04/2009,RN,101,CANGUARETAMA,Defeito na via,Colisão lateral,Sem Vítimas        ,Pleno dia,Ceu Claro,Simples ,Rural ,Caminhão,Ignorado    ,-1.0,Inválido
510205,04/04/2009,RN,101,CANGUARETAMA,Defeito na via,Colisão lateral,Sem Vítimas        ,Pleno dia,Ceu Claro,Simples ,Rural ,Automóvel,Ileso       ,54.0,Feminino
510211,04/04/2009,RN,101,NATAL,Falta de atenção,Colisão traseira,Sem Vítimas        ,Plena noite,Ceu Claro,Dupla   ,Urbano,Camioneta,Ileso       ,24.0,Masculino
510211,04/04/2009,RN,101,NATAL,Falta de atenção,Colisão traseira,Sem Vítimas        ,Plena noite,Ceu Claro,Dupla   ,Urbano,Automóvel,Ileso       ,19.0,Masculino
510211,04/04/2009,RN,101,NATAL,Falta de atenção,Colisão traseira,Sem Vítimas        ,Plena noite,Ceu Claro,Dupla   ,Urbano,Automóvel,Ileso       ,21.0,Masculino
510218,04/04/2009,RN,101,SAO JOSE DE MIPIBU,Falta de atenção,Derramamento de Carga,Sem Vítimas        ,Pleno dia,Ceu Claro,Simples ,Rural ,Automóvel,Ileso       ,25.0,Masculino
510218,04/04/2009,RN,101,SAO JOSE DE MIPIBU,Falta de atenção,Derramamento de Carga,Sem Vítimas        ,Pleno dia,Ceu Claro,Simples ,Rural ,Automóvel,Ileso       ,29.0,Feminino
510218,04/04/2009,RN,101,SAO JOSE DE MIPIBU,Falta de atenção,Derramamento de Carga,Sem Vítimas        ,Pleno dia,Ceu Claro,Simples ,Rural ,Automóvel,Ileso       ,49.0,Masculino
510218,04/04/2009,RN,101,SAO JOSE DE MIPIBU,Falta de atenção,Derramamento de Carga,Sem Vítimas        ,Pleno dia,Ceu Claro,Simples ,Rural ,Automóvel,Ileso       ,48.0,Masculino
510222,04/04/2009,RN,406,CEARA-MIRIM,Outras,Atropelamento de pessoa,Com Vítimas Feridas,Plena noite,Ceu Claro,Simples ,Urbano,(null),Ferido Grave,34.0,Feminino
510222,04/04/2009,RN,406,CEARA-MIRIM,Outras,Atropelamento de pessoa,Com Vítimas Feridas,Plena noite,Ceu Claro,Simples ,Urbano,Automóvel,Ileso       ,-1.0,Masculino
510231,04/04/2009,RN,304,MOSSORO,Desobediência à sinalização,Colisão Transversal,Sem Vítimas        ,Plena noite,Ceu Claro,Simples ,Urbano,Automóvel,Ileso       ,31.0,Masculino
510231,04/04/2009,RN,304,MOSSORO,Desobediência à sinalização,Colisão Transversal,Sem Vítimas        ,Plena noite,Ceu Claro,Simples ,Urbano,Automóvel,Ileso       ,28.0,Masculino
510245,04/04/2009,RN,101,PARNAMIRIM,Desobediência à sinalização,Colisão Transversal,Com Vítimas Feridas,Plena noite,Ceu Claro,Dupla   ,Urbano,Motocicletas,Ileso       ,21.0,Masculino
510245,04/04/2009,RN,101,PARNAMIRIM,Desobediência à sinalização,Colisão Transversal,Com Vítimas Feridas,Plena noite,Ceu Claro,Dupla   ,Urbano,Motocicletas,Ferido Leve ,19.0,Feminino
510245,04/04/2009,RN,101,PARNAMIRIM,Desobediência à sinalização,Colisão Transversal,Com Vítimas Feridas,Plena noite,Ceu Claro,Dupla   ,Urbano,Motocicletas,Ferido Leve ,24.0,Masculino
510367,03/04/2009,RN,101,NATAL,Não guardar distância de segurança,Colisão traseira,Sem Vítimas        ,Pleno dia,Ceu Claro,Dupla   ,Urbano,Automóvel,Ileso       ,44.0,Masculino
510367,03/04/2009,RN,101,NATAL,Não guardar distância de segurança,Colisão traseira,Sem Vítimas        ,Pleno dia,Ceu Claro,Dupla   ,Urbano,Automóvel,Ileso       ,62.0,Masculino
510369,01/04/2009,RN,101,NATAL,Falta de atenção,Colisão traseira,Sem Vítimas        ,Plena noite,Ceu Claro,Dupla   ,Urbano,Automóvel,Ileso       ,32.0,Masculino
510369,01/04/2009,RN,101,NATAL,Falta de atenção,Colisão traseira,Sem Vítimas        ,Plena noite,Ceu Claro,Dupla   ,Urbano,Automóvel,Ileso       ,21.0,Masculino
510440,05/04/2009,RN,406,CEARA-MIRIM,Ingestão de álcool,Atropelamento de pessoa,Com Vítimas Feridas,Pleno dia,Ceu Claro,Simples ,Rural ,Automóvel,Ileso       ,-1.0,Masculino
510440,05/04/2009,RN,406,CEARA-MIRIM,Ingestão de álcool,Atropelamento de pessoa,Com Vítimas Feridas,Pleno dia,Ceu Claro,Simples ,Rural ,(null),Ferido Grave,48.0,Masculino
510511,27/03/2009,RN,101,NATAL,Falta de atenção,Colisão traseira,Sem Vítimas        ,Pleno dia,Ceu Claro,Dupla   ,Urbano,Automóvel,Ileso       ,39.0,Masculino
510511,27/03/2009,RN,101,NATAL,Falta de atenção,Colisão traseira,Sem Vítimas        ,Pleno dia,Ceu Claro,Dupla   ,Urbano,Automóvel,Ileso       ,30.0,Masculino
510511,27/03/2009,RN,101,NATAL,Falta de atenção,Colisão traseira,Sem Vítimas        ,Pleno dia,Ceu Claro,Dupla   ,Urbano,Automóvel,Ileso       ,28.0,Masculino
510511,27/03/2009,RN,101,NATAL,Falta de atenção,Colisão traseira,Sem Vítimas        ,Pleno dia,Ceu Claro,Dupla   ,Urbano,Automóvel,Ileso       ,41.0,Masculino
510511,27/03/2009,RN,101,NATAL,Falta de atenção,Colisão traseira,Sem Vítimas        ,Pleno dia,Ceu Claro,Dupla   ,Urbano,Automóvel,Ileso       ,46.0,Masculino
510663,30/03/2009,RN,101,NATAL,Falta de atenção,Colisão traseira,Com Vítimas Feridas,Plena noite,Ceu Claro,Dupla   ,Urbano,Caminhonete,Ileso       ,42.0,Masculino
510663,30/03/2009,RN,101,NATAL,Falta de atenção,Colisão traseira,Com Vítimas Feridas,Plena noite,Ceu Claro,Dupla   ,Urbano,Motocicletas,Ferido Leve ,24.0,Masculino
510690,03/04/2009,RN,304,MOSSORO,Falta de atenção,Colisão traseira,Com Vítimas Fatais ,Plena noite,Nublado,Simples ,Urbano,Motocicletas,Morto       ,26.0,Masculino
510690,03/04/2009,RN,304,MOSSORO,Falta de atenção,Colisão traseira,Com Vítimas Fatais ,Plena noite,Nublado,Simples ,Urbano,Motocicletas,Ferido Grave,24.0,Masculino
510690,03/04/2009,RN,304,MOSSORO,Falta de atenção,Colisão traseira,Com Vítimas Fatais ,Plena noite,Nublado,Simples ,Urbano,Automóvel,Ignorado    ,-1.0,Inválido
510771,03/04/2009,RN,101,NATAL,Não guardar distância de segurança,Colisão traseira,Sem Vítimas        ,Pleno dia,Ceu Claro,Dupla   ,Urbano,Camioneta,Ileso       ,31.0,Feminino
510771,03/04/2009,RN,101,NATAL,Não guardar distância de segurança,Colisão traseira,Sem Vítimas        ,Pleno dia,Ceu Claro,Dupla   ,Urbano,Automóvel,Ileso       ,39.0,Masculino
510845,06/04/2009,RN,101,PARNAMIRIM,Falta de atenção,Colisão traseira,Sem Vítimas        ,Pleno dia,Sol,Dupla   ,Urbano,Automóvel,Ileso       ,65.0,Masculino
510845,06/04/2009,RN,101,PARNAMIRIM,Falta de atenção,Colisão traseira,Sem Vítimas        ,Pleno dia,Sol,Dupla   ,Urbano,Automóvel,Ileso       ,26.0,Masculino
511120,25/03/2009,RN,101,NATAL,Animais na Pista,Atropelamento de animal,Sem Vítimas        ,Plena noite,Ceu Claro,Dupla   ,Urbano,Automóvel,Ileso       ,33.0,Masculino
511123,06/04/2009,RN,101,SAO JOSE DE MIPIBU,Velocidade incompatível,Colisão com objeto fixo,Com Vítimas Feridas,Plena noite,Ceu Claro,Dupla   ,Urbano,Motocicletas,Ignorado    ,-1.0,Masculino
511123,06/04/2009,RN,101,SAO JOSE DE MIPIBU,Velocidade incompatível,Colisão com objeto fixo,Com Vítimas Feridas,Plena noite,Ceu Claro,Dupla   ,Urbano,Motocicletas,Ferido Leve ,32.0,Masculino
511137,03/04/2009,RN,304,NATAL,Animais na Pista,Atropelamento de animal,Sem Vítimas        ,Amanhecer,Ceu Claro,Simples ,Rural ,Automóvel,Ileso       ,44.0,Masculino
511324,02/04/2009,RN,101,NATAL,Não guardar distância de segurança,Colisão traseira,Sem Vítimas        ,Plena noite,Nublado,Dupla   ,Urbano,Caminhonete,Ileso       ,31.0,Masculino
511324,02/04/2009,RN,101,NATAL,Não guardar distância de segurança,Colisão traseira,Sem Vítimas        ,Plena noite,Nublado,Dupla   ,Urbano,Automóvel,Ileso       ,33.0,Masculino
511457,07/04/2009,RN,304,MOSSORO,Animais na Pista,Atropelamento de animal,Sem Vítimas        ,Plena noite,Ceu Claro,Simples ,Rural ,Automóvel,Ileso       ,57.0,Masculino
511471,04/04/2009,RN,101,PARNAMIRIM,Falta de atenção,Colisão lateral,Com Vítimas Feridas,Pleno dia,Sol,Múltipla,Urbano,Ônibus,Ileso       ,43.0,Masculino