id,data_inversa,uf,br,municipio,causa_acidente,tipo_acidente,classificacao_acidente,fase_dia,condicao_metereologica,tipo_pista,uso_solo,tipo_veiculo,estado_fisico,idade,sexo
521184,30/04/2009,RN,110,MOSSORO,Falta de atenção,Colisão traseira,Sem Vítimas        ,Pleno dia,Ceu Claro,Simples ,Urbano,Automóvel,Ileso       ,45.0,Masculino
521184,30/04/2009,RN,110,MOSSORO,Falta de atenção,Colisão traseira,Sem Vítimas        ,Pleno dia,Ceu Claro,Simples ,Urbano,Automóvel,Ileso       ,36.0,Masculino
521216,28/04/2009,RN,304,MOSSORO,Animais na Pista,Saída de Pista,Com Vítimas Feridas,Plena noite,Nublado,Simples ,Rural ,Automóvel,Ferido Leve ,45.0,Masculino
521255,30/04/2009,RN,101,NATAL,Falta de atenção,Colisão traseira,Sem Vítimas        ,Pleno dia,Nublado,Dupla   ,Urbano,Automóvel,Ileso       ,60.0,Masculino
521255,30/04/2009,RN,101,NATAL,Falta de atenção,Colisão traseira,Sem Vítimas        ,Pleno dia,Nublado,Dupla   ,Urbano,Automóvel,Ileso       ,56.0,Masculino
521255,30/04/2009,RN,101,NATAL,Falta de atenção,Colisão traseira,Sem Vítimas        ,Pleno dia,Nublado,Dupla   ,Urbano,Automóvel,Ileso       ,57.0,Masculino
521288,27/04/2009,RN,101,PARNAMIRIM,Não guardar distância de segurança,Colisão traseira,Sem Vítimas        ,Amanhecer,Nublado,Dupla   ,Urbano,Automóvel,Ileso       ,53.0,Masculino
521288,27/04/2009,RN,101,PARNAMIRIM,Não guardar distância de segurança,Colisão traseira,Sem Vítimas        ,Amanhecer,Nublado,Dupla   ,Urbano,Automóvel,Ileso       ,27.0,Masculino
521312,30/04/2009,RN,101,SAO JOSE DE MIPIBU,Desobediência à sinalização,Colisão traseira,Sem Vítimas        ,Anoitecer,Nublado,Dupla   ,Urbano,Automóvel,Ileso       ,30.0,Masculino
521312,30/04/2009,RN,101,SAO JOSE DE MIPIBU,Desobediência à sinalização,Colisão traseira,Sem Vítimas        ,Anoitecer,Nublado,Dupla   ,Urbano,Automóvel,Ileso       ,69.0,Masculino
521359,27/04/2009,RN,406,JOAO CAMARA,Animais na Pista,Atropelamento de animal,Sem Vítimas        ,Amanhecer,Ceu Claro,Simples ,Rural ,Automóvel,Ileso       ,29.0,Masculino
521457,30/04/2009,RN,101,NATAL,Não guardar distância de segurança,Colisão traseira,Sem Vítimas        ,Plena noite,Chuva,Dupla   ,Urbano,Caminhonete,Ileso       ,52.0,Masculino
521457,30/04/2009,RN,101,NATAL,Não guardar distância de segurança,Colisão traseira,Sem Vítimas        ,Plena noite,Chuva,Dupla   ,Urbano,Automóvel,Ileso       ,26.0,Feminino
521457,30/04/2009,RN,101,NATAL,Não guardar distância de segurança,Colisão traseira,Sem Vítimas        ,Plena noite,Chuva,Dupla   ,Urbano,Automóvel,Ileso       ,27.0,Masculino
521511,01/05/2009,RN,101,NATAL,Outras,Colisão com objeto fixo,Sem Vítimas        ,Amanhecer,Nublado,Dupla   ,Urbano,Automóvel,Ileso       ,-1.0,Inválido
521652,01/05/2009,RN,304,RIACHUELO,Falta de atenção,Colisão com bicicleta,Com Vítimas Fatais ,Pleno dia,Ceu Claro,Simples ,Rural ,Utilitário,Ileso       ,31.0,Feminino
521652,01/05/2009,RN,304,RIACHUELO,Falta de atenção,Colisão com bicicleta,Com Vítimas Fatais ,Pleno dia,Ceu Claro,Simples ,Rural ,Bicicleta,Morto       ,11.0,Masculino
521663,01/05/2009,RN,101,NATAL,Animais na Pista,Atropelamento de animal,Sem Vítimas        ,Pleno dia,Ceu Claro,Dupla   ,Rural ,Microônibus,Ileso       ,41.0,Masculino
521810,01/05/2009,RN,101,PARNAMIRIM,Outras,Tombamento,Sem Vítimas        ,Pleno dia,Ceu Claro,Simples ,Urbano,Caminhão,Ileso       ,38.0,Masculino
521819,01/05/2009,RN,101,PARNAMIRIM,Não guardar distância de segurança,Colisão traseira,Sem Vítimas        ,Pleno dia,Nublado,Dupla   ,Urbano,Automóvel,Ileso       ,38.0,Masculino
521819,01/05/2009,RN,101,PARNAMIRIM,Não guardar distância de segurança,Colisão traseira,Sem Vítimas        ,Pleno dia,Nublado,Dupla   ,Urbano,Automóvel,Ignorado    ,-1.0,Masculino
521861,01/05/2009,RN,101,NATAL,Velocidade incompatível,Colisão com objeto fixo,Ignorado           ,Plena noite,Chuva,Dupla   ,Urbano,Automóvel,Ignorado    ,-1.0,Inválido
521897,01/05/2009,RN,110,MOSSORO,Ingestão de álcool,Colisão traseira,Sem Vítimas        ,Pleno dia,Nublado,Dupla   ,Urbano,Automóvel,Ileso       ,32.0,Masculino
521897,01/05/2009,RN,110,MOSSORO,Ingestão de álcool,Colisão traseira,Sem Vítimas        ,Pleno dia,Nublado,Dupla   ,Urbano,Automóvel,Ileso       ,43.0,Masculino
521910,01/05/2009,RN,304,MOSSORO,Falta de atenção,Colisão frontal,Com Vítimas Feridas,Anoitecer,Chuva,Simples ,Urbano,Camioneta,Ileso       ,43.0,Masculino
521910,01/05/2009,RN,304,MOSSORO,Falta de atenção,Colisão frontal,Com Vítimas Feridas,Anoitecer,Chuva,Simples ,Urbano,Motocicletas,Ferido Grave,25.0,Masculino
521910,01/05/2009,RN,304,MOSSORO,Falta de atenção,Colisão frontal,Com Vítimas Feridas,Anoitecer,Chuva,Simples ,Urbano,Camioneta,Ileso       ,42.0,Feminino
521910,01/05/2009,RN,304,MOSSORO,Falta de atenção,Colisão frontal,Com Vítimas Feridas,Anoitecer,Chuva,Simples ,Urbano,Camioneta,Ileso       ,25.0,Feminino
522102,02/05/2009,RN,101,NATAL,Falta de atenção,Colisão traseira,Sem Vítimas        ,Pleno dia,Nublado,Múltipla,Urbano,Automóvel,Ileso       ,28.0,Feminino
522102,02/05/2009,RN,101,NATAL,Falta de atenção,Colisão traseira,Sem Vítimas        ,Pleno dia,Nublado,Múltipla,Urbano,Ônibus,Ileso       ,48.0,Masculino
522153,30/04/2009,RN,101,NATAL,Falta de atenção,Colisão lateral,Sem Vítimas        ,Pleno dia,Sol,Dupla   ,Urbano,Automóvel,Ileso       ,35.0,Masculino
522153,30/04/2009,RN,101,NATAL,Falta de atenção,Colisão lateral,Sem Vítimas        ,Pleno dia,Sol,Dupla   ,Urbano,Caminhão,Ileso       ,44.0,Masculino
522154,02/05/2009,RN,110,MOSSORO,Falta de atenção,Colisão lateral,Com Vítimas Feridas,Anoitecer,Ceu Claro,Simples ,Urbano,Motocicletas,Ferido Leve ,-1.0,Masculino
522154,02/05/2009,RN,110,MOSSORO,Falta de atenção,Colisão lateral,Com Vítimas Feridas,Anoitecer,Ceu Claro,Simples ,Urbano,Automóvel,Ileso       ,36.0,Masculino
522185,24/04/2009,RN,101,NATAL,Não guardar distância de segurança,Colisão traseira,Sem Vítimas        ,Plena noite,Ceu Claro,Simples ,Urbano,Automóvel,Ileso       ,37.0,Masculino
522185,24/04/2009,RN,101,NATAL,Não guardar distância de segurança,Colisão traseira,Sem Vítimas        ,Plena noite,Ceu Claro,Simples ,Urbano,Automóvel,Ileso       ,25.0,Masculino
522209,28/04/2009,RN,101,CEARA-MIRIM,Outras,Colisão Transversal,Com Vítimas Feridas,Pleno dia,Ceu Claro,Simples ,Rural ,Automóvel,Ferido Leve ,57.0,Masculino
522209,28/04/2009,RN,101,CEARA-MIRIM,Outras,Colisão Transversal,Com Vítimas Feridas,Pleno dia,Ceu Claro,Simples ,Rural ,Automóvel,Ferido Leve ,83.0,Masculino
522216,01/05/2009,RN,101,NATAL,Outras,Atropelamento de pessoa,Com Vítimas Feridas,Plena noite,Chuva,Dupla   ,Urbano,(null),Ferido Grave,-1.0,Masculino
522216,01/05/2009,RN,101,NATAL,Outras,Atropelamento de pessoa,Com Vítimas Feridas,Plena noite,Chuva,Dupla   ,Urbano,Automóvel,Ignorado    ,-1.0,Inválido
522245,02/05/2009,RN,101,PARNAMIRIM,Ingestão de álcool,Atropelamento de pessoa,Com Vítimas Fatais ,Plena noite,Ceu Claro,Dupla   ,Urbano,Motocicletas,Ferido Grave,45.0,Masculino
522245,02/05/2009,RN,101,PARNAMIRIM,Ingestão de álcool,Atropelamento de pessoa,Com Vítimas Fatais ,Plena noite,Ceu Claro,Dupla   ,Urbano,(null),Morto       ,42.0,Feminino
522255,02/05/2009,RN,110,MOSSORO,Outras,Colisão com bicicleta,Com Vítimas Feridas,Plena noite,Nublado,Simples ,Rural ,Motoneta,Ferido Leve ,22.0,Masculino
522255,02/05/2009,RN,110,MOSSORO,Outras,Colisão com bicicleta,Com Vítimas Feridas,Plena noite,Nublado,Simples ,Rural ,Bicicleta,Ileso       ,35.0,Masculino
522259,01/05/2009,RN,406,SAO GONCALO DO AMARANTE,Falta de atenção,Colisão frontal,Com Vítimas Feridas,Plena noite,Nublado,Simples ,Rural ,Automóvel,Ileso       ,22.0,Feminino
522259,01/05/2009,RN,406,SAO GONCALO DO AMARANTE,Falta de atenção,Colisão frontal,Com Vítimas Feridas,Plena noite,Nublado,Simples ,Rural ,Motocicletas,Ferido Grave,-1.0,Masculino
522259,01/05/2009,RN,406,SAO GONCALO DO AMARANTE,Falta de atenção,Colisão frontal,Com Vítimas Feridas,Plena noite,Nublado,Simples ,Rural ,Motocicletas,Ferido Grave,-1.0,Feminino
522269,02/05/2009,RN,101,SAO GONCALO DO AMARANTE,Não guardar distância de segurança,Colisão traseira,Sem Vítimas        ,Plena noite,Ceu Claro,Simples ,Urbano,Motocicletas,Ileso       ,35.0,Masculino
522269,02/05/2009,RN,101,SAO GONCALO DO AMARANTE,Não guardar distância de segurança,Colisão traseira,Sem Vítimas        ,Plena noite,Ceu Claro,Simples ,Urbano,Automóvel,Ileso       ,58.0,Masculino
522344,02/05/2009,RN,101,NATAL,Dormindo,Colisão com objeto fixo,Sem Vítimas        ,Amanhecer,Nublado,Dupla   ,Urbano,Automóvel,Ileso       ,37.0,Masculino
522364,01/05/2009,RN,101,EXTREMOZ,Ultrapassagem indevida,Colisão frontal,Com Vítimas Feridas,Pleno dia,Ceu Claro,Simples ,Rural ,Automóvel,Ferido Grave,31.0,Masculino
522364,01/05/2009,RN,101,EXTREMOZ,Ultrapassagem indevida,Colisão frontal,Com Vítimas Feridas,Pleno dia,Ceu Claro,Simples ,Rural ,Utilitário,Ferido Grave,-1.0,Masculino
522364,01/05/2009,RN,101,EXTREMOZ,Ultrapassagem indevida,Colisão frontal,Com Vítimas Feridas,Pleno dia,Ceu Claro,Simples ,Rural ,Utilitário,Ferido Grave,21.0,Feminino
522364,01/05/2009,RN,101,EXTREMOZ,Ultrapassagem indevida,Colisão frontal,Com Vítimas Feridas,Pleno dia,Ceu Claro,Simples ,Rural ,Utilitário,Ferido Grave,-1.0,Feminino
522364,01/05/2009,RN,101,EXTREMOZ,Ultrapassagem indevida,Colisão frontal,Com Vítimas Feridas,Pleno dia,Ceu Claro,Simples ,Rural ,Automóvel,Ferido Grave,36.0,Feminino
522364,01/05/2009,RN,101,EXTREMOZ,Ultrapassagem indevida,Colisão frontal,Com Vítimas Feridas,Pleno dia,Ceu Claro,Simples ,Rural ,Automóvel,Ferido Grave,29.0,Feminino
522364,01/05/2009,RN,101,EXTREMOZ,Ultrapassagem indevida,Colisão frontal,Com Vítimas Feridas,Pleno dia,Ceu Claro,Simples ,Rural ,Automóvel,Ferido Grave,7.0,Feminino
522364,01/05/2009,RN,101,EXTREMOZ,Ultrapassagem indevida,Colisão frontal,Com Vítimas Feridas,Pleno dia,Ceu Claro,Simples ,Rural ,Automóvel,Ferido Grave,-1.0,Feminino
522425,29/04/2009,RN,110,MOSSORO,Defeito na via,Tombamento,Com Vítimas Feridas,Pleno dia,Nublado,Simples ,Rural ,Caminhão-Trator,Ileso       ,27.0,Masculino
522425,29/04/2009,RN,110,MOSSORO,Defeito na via,Tombamento,Com Vítimas Feridas,Pleno dia,Nublado,Simples ,Rural ,Caminhão-Trator,Ferido Leve ,33.0,Masculino
522430,01/05/2009,RN,101,SAO GONCALO DO AMARANTE,Não guardar distância de segurança,Colisão traseira,Sem Vítimas        ,Plena noite,Chuva,Dupla   ,Urbano,Automóvel,Ileso       ,43.0,Masculino
522430,01/05/2009,RN,101,SAO GONCALO DO AMARANTE,Não guardar distância de segurança,Colisão traseira,Sem Vítimas        ,Plena noite,Chuva,Dupla   ,Urbano,Automóvel,Ileso       ,-1.0,Inválido
522434,29/04/2009,RN,101,RIO DO FOGO,Outras,Colisão Transversal,Sem Vítimas        ,Plena noite,Nublado,Simples ,Rural ,Caminhonete,Ileso       ,62.0,Masculino
522434,29/04/2009,RN,101,RIO DO FOGO,Outras,Colisão Transversal,Sem Vítimas        ,Plena noite,Nublado,Simples ,Rural ,Automóvel,Ignorado    ,-1.0,Inválido
522441,29/04/2009,RN,304,MOSSORO,Falta de atenção,Colisão lateral,Sem Vítimas        ,Pleno dia,Nublado,Dupla   ,Urbano,Ônibus,Ileso       ,38.0,Masculino
522441,29/04/2009,RN,304,MOSSORO,Falta de atenção,Colisão lateral,Sem Vítimas        ,Pleno dia,Nublado,Dupla   ,Urbano,Automóvel,Ileso       ,32.0,Feminino
522461,29/04/2009,RN,110,MOSSORO,Falta de atenção,Colisão com bicicleta,Com Vítimas Feridas,Plena noite,Chuva,Dupla   ,Urbano,Motocicletas,Ferido Leve ,29.0,Masculino
522461,29/04/2009,RN,110,MOSSORO,Falta de atenção,Colisão com bicicleta,Com Vítimas Feridas,Plena noite,Chuva,Dupla   ,Urbano,Motocicletas,Ferido Leve ,22.0,Feminino
522461,29/04/2009,RN,110,MOSSORO,Falta de atenção,Colisão com bicicleta,Com Vítimas Feridas,Plena noite,Chuva,Dupla   ,Urbano,Bicicleta,Ignorado    ,-1.0,Inválido
522479,03/05/2009,RN,101,NATAL,Falta de atenção,Colisão traseira,Sem Vítimas        ,Pleno dia,Chuva,Dupla   ,Urbano,Automóvel,Ileso       ,38.0,Masculino
522479,03/05/2009,RN,101,NATAL,Falta de atenção,Colisão traseira,Sem Vítimas        ,Pleno dia,Chuva,Dupla   ,Urbano,Camioneta,Ileso       ,33.0,Masculino
522575,24/04/2009,RN,101,PARNAMIRIM,Falta de atenção,Colisão lateral,Sem Vítimas        ,Plena noite,Nublado,Dupla   ,Urbano,Automóvel,Ileso       ,61.0,Masculino
522575,24/04/2009,RN,101,PARNAMIRIM,Falta de atenção,Colisão lateral,Sem Vítimas        ,Plena noite,Nublado,Dupla   ,Urbano,Automóvel,Ileso       ,56.0,Masculino
522593,03/05/2009,RN,101,BAIA FORMOSA,Outras,Colisão traseira,Sem Vítimas        ,Plena noite,Nublado,Simples ,Rural ,Automóvel,Ileso       ,37.0,Masculino
522593,03/05/2009,RN,101,BAIA FORMOSA,Outras,Colisão traseira,Sem Vítimas        ,Plena noite,Nublado,Simples ,Rural ,Utilitário,Ileso       ,25.0,Masculino
522593,03/05/2009,RN,101,BAIA FORMOSA,Outras,Colisão traseira,Sem Vítimas        ,Plena noite,Nublado,Simples ,Rural ,Motocicletas,Ileso       ,-1.0,Inválido
522600,25/04/2009,RN,101,NATAL,Falta de atenção,Colisão traseira,Sem Vítimas        ,Amanhecer,Chuva,Dupla   ,Urbano,Automóvel,Ileso       ,42.0,Masculino
522600,25/04/2009,RN,101,NATAL,Falta de atenção,Colisão traseira,Sem Vítimas        ,Amanhecer,Chuva,Dupla   ,Urbano,Automóvel,Ileso       ,29.0,Masculino
522601,03/05/2009,RN,304,LAJES,Defeito na via,Saída de Pista,Sem Vítimas        ,Anoitecer,Chuva,Simples ,Rural ,Automóvel,Ileso       ,27.0,Masculino
522730,07/03/2009,RN,101,NATAL,Desobediência à sinalização,Colisão Transversal,Com Vítimas Feridas,Plena noite,Ceu Claro,Dupla   ,Urbano,Automóvel,Ileso       ,38.0,Masculino
522730,07/03/2009,RN,101,NATAL,Desobediência à sinalização,Colisão Transversal,Com Vítimas Feridas,Plena noite,Ceu Claro,Dupla   ,Urbano,Automóvel,Ileso       ,28.0,Masculino
522730,07/03/2009,RN,101,NATAL,Desobediência à sinalização,Colisão Transversal,Com Vítimas Feridas,Plena noite,Ceu Claro,Dupla   ,Urbano,Automóvel,Ferido Leve ,45.0,Feminino
522800,30/04/2009,RN,101,NATAL,Não guardar distância de segurança,Colisão traseira,Sem Vítimas        ,Pleno dia,Nublado,Dupla   ,Urbano,Automóvel,Ileso       ,43.0,Masculino
522800,30/04/2009,RN,101,NATAL,Não guardar distância de segurança,Colisão traseira,Sem Vítimas        ,Pleno dia,Nublado,Dupla   ,Urbano,Ônibus,Ileso       ,27.0,Masculino
522838,04/05/2009,RN,406,SAO GONCALO DO AMARANTE,Outras,Colisão Transversal,Sem Vítimas        ,Pleno dia,Ceu Claro,Simples ,Rural ,Automóvel,Ileso       ,48.0,Masculino
522838,04/05/2009,RN,406,SAO GONCALO DO AMARANTE,Outras,Colisão Transversal,Sem Vítimas        ,Pleno dia,Ceu Claro,Simples ,Rural ,Automóvel,Ileso       ,-1.0,Masculino
522842,30/04/2009,RN,427,ACARI,Dormindo,Capotamento,Com Vítimas Feridas,Plena noite,Chuva,Simples ,Rural ,Caminhão,Ferido Grave,34.0,Masculino
522844,30/04/2009,RN,304,MOSSORO,Defeito na via,Colisão com bicicleta,Com Vítimas Feridas,Pleno dia,Nublado,Simples ,Urbano,Automóvel,Ileso       ,-1.0,Masculino
522844,30/04/2009,RN,304,MOSSORO,Defeito na via,Colisão com bicicleta,Com Vítimas Feridas,Pleno dia,Nublado,Simples ,Urbano,Automóvel,Ileso       ,24.0,Feminino
522844,30/04/2009,RN,304,MOSSORO,Defeito na via,Colisão com bicicleta,Com Vítimas Feridas,Pleno dia,Nublado,Simples ,Urbano,Bicicleta,Ferido Leve ,38.0,Masculino
522917,01/05/2009,RN,304,ASSU,Outras,Colisão com bicicleta,Com Vítimas Fatais ,Anoitecer,Ceu Claro,Simples ,Rural ,Bicicleta,Morto       ,47.0,Masculino
522917,01/05/2009,RN,304,ASSU,Outras,Colisão com bicicleta,Com Vítimas Fatais ,Anoitecer,Ceu Claro,Simples ,Rural ,Camioneta,Ignorado    ,-1.0,Inválido
522920,04/05/2009,RN,226,SERRA CAIADA,Desobediência à sinalização,Colisão Transversal,Com Vítimas Feridas,Pleno dia,Nublado,Simples ,Rural ,Motocicletas,Ferido Grave,39.0,Masculino
522920,04/05/2009,RN,226,SERRA CAIADA,Desobediência à sinalização,Colisão Transversal,Com Vítimas Feridas,Pleno dia,Nublado,Simples ,Rural ,Motocicletas,Ferido Grave,47.0,Masculino
522953,04/05/2009,RN,304,ASSU,Falta de atenção,Capotamento,Com Vítimas Feridas,Pleno dia,Ceu Claro,Simples ,Rural ,Automóvel,Ferido Leve ,25.0,Feminino
522972,27/04/2009,RN,427,JARDIM DO SERIDO,Falta de atenção,Capotamento,Sem Vítimas        ,Pleno dia,Sol,Simples ,Rural ,Caminhonete,Ileso       ,51.0,Masculino
523042,01/05/2009,RN,101,NATAL,Ingestão de álcool,Colisão traseira,Sem Vítimas        ,Amanhecer,Nublado,Dupla   ,Urbano,Automóvel,Ileso       ,28.0,Feminino
523042,01/05/2009,RN,101,NATAL,Ingestão de álcool,Colisão traseira,Sem Vítimas        ,Amanhecer,Nublado,Dupla   ,Urbano,Automóvel,Ileso       ,25.0,Masculino
523073,04/05/2009,RN,101,NATAL,Falta de atenção,Colisão traseira,Sem Vítimas        ,Pleno dia,Ceu Claro,Dupla   ,Urbano,Automóvel,Ileso       ,49.0,Masculino
523073,04/05/2009,RN,101,NATAL,Falta de atenção,Colisão traseira,Sem Vítimas        ,Pleno dia,Ceu Claro,Dupla   ,Urbano,Caminhão,Ileso       ,21.0,Masculino
523076,28/04/2009,RN,101,NATAL,Falta de atenção,Colisão lateral,Sem Vítimas        ,Pleno dia,Ceu Claro,Dupla   ,Urbano,Caminhão-Trator,Ileso       ,52.0,Masculino
523076,28/04/2009,RN,101,NATAL,Falta de atenção,Colisão lateral,Sem Vítimas        ,Pleno dia,Ceu Claro,Dupla   ,Urbano,Automóvel,Ileso       ,62.0,Masculino
523102,01/05/2009,RN,101,NATAL,Ingestão de álcool,Colisão Transversal,Sem Vítimas        ,Amanhecer,Chuva,Dupla   ,Urbano,Automóvel,Ileso       ,28.0,Feminino
523102,01/05/2009,RN,101,NATAL,Ingestão de álcool,Colisão Transversal,Sem Vítimas        ,Amanhecer,Chuva,Dupla   ,Urbano,Automóvel,Ileso       ,63.0,Masculino
523113,04/05/2009,RN,101,NATAL,Outras,Atropelamento de pessoa,Com Vítimas Feridas,Plena noite,Ceu Claro,Dupla   ,Rural ,(null),Ferido Grave,35.0,Masculino
523113,04/05/2009,RN,101,NATAL,Outras,Atropelamento de pessoa,Com Vítimas Feridas,Plena noite,Ceu Claro,Dupla   ,Rural ,Automóvel,Ignorado    ,-1.0,Inválido
523179,05/05/2009,RN,304,MOSSORO,Animais na Pista,Saída de Pista,Sem Vítimas        ,Plena noite,Ceu Claro,Simples ,Rural ,Caminhão,Ileso       ,25.0,Masculino
523216,01/05/2009,RN,110,MOSSORO,Não guardar distância de segurança,Colisão traseira,Sem Vítimas        ,Pleno dia,Chuva,Simples ,Urbano,Automóvel,Ileso       ,21.0,Masculino
523216,01/05/2009,RN,110,MOSSORO,Não guardar distância de segurança,Colisão traseira,Sem Vítimas        ,Pleno dia,Chuva,Simples ,Urbano,Automóvel,Ileso       ,59.0,Masculino
523362,01/05/2009,RN,226,NATAL,Outras,Capotamento,Com Vítimas Feridas,Plena noite,Ceu Claro,Simples ,Urbano,Automóvel,Ignorado    ,43.0,Masculino
523362,01/05/2009,RN,226,NATAL,Outras,Capotamento,Com Vítimas Feridas,Plena noite,Ceu Claro,Simples ,Urbano,Automóvel,Ferido Leve ,24.0,Feminino
523362,01/05/2009,RN,226,NATAL,Outras,Capotamento,Com Vítimas Feridas,Plena noite,Ceu Claro,Simples ,Urbano,Automóvel,Ferido Leve ,22.0,Feminino
523362,01/05/2009,RN,226,NATAL,Outras,Capotamento,Com Vítimas Feridas,Plena noite,Ceu Claro,Simples ,Urbano,Automóvel,Ferido Leve ,47.0,Feminino
523459,05/05/2009,RN,101,NATAL,Falta de atenção,Colisão traseira,Sem Vítimas        ,Pleno dia,Ceu Claro,Dupla   ,Urbano,Motocicletas,Ileso       ,22.0,Masculino
523459,05/05/2009,RN,101,NATAL,Falta de atenção,Colisão traseira,Sem Vítimas        ,Pleno dia,Ceu Claro,Dupla   ,Urbano,Automóvel,Ileso       ,23.0,Masculino
523544,05/05/2009,RN,406,SAO GONCALO DO AMARANTE,Animais na Pista,Atropelamento de animal,Sem Vítimas        ,Plena noite,Nublado,Simples ,Rural ,Automóvel,Ileso       ,26.0,Masculino
523611,06/05/2009,RN,101,PARNAMIRIM,Velocidade incompatível,Capotamento,Com Vítimas Feridas,Plena noite,Ceu Claro,Dupla   ,Urbano,Automóvel,Ferido Leve ,25.0,Masculino
523670,03/05/2009,RN,101,NATAL,Ingestão de álcool,Colisão com objeto fixo,Sem Vítimas        ,Plena noite,Ceu Claro,Múltipla,Urbano,Camioneta,Ileso       ,36.0,Masculino
523694,06/05/2009,RN,101,NATAL,Falta de atenção,Colisão lateral,Sem Vítimas        ,Pleno dia,Sol,Dupla   ,Urbano,Ônibus,Ileso       ,30.0,Masculino
523694,06/05/2009,RN,101,NATAL,Falta de atenção,Colisão lateral,Sem Vítimas        ,Pleno dia,Sol,Dupla   ,Urbano,Utilitário,Ileso       ,41.0,Feminino
523728,01/05/2009,RN,101,PARNAMIRIM,Falta de atenção,Colisão traseira,Sem Vítimas        ,Anoitecer,Ceu Claro,Dupla   ,Urbano,Microônibus,Ileso       ,34.0,Masculino
523728,01/05/2009,RN,101,PARNAMIRIM,Falta de atenção,Colisão traseira,Sem Vítimas        ,Anoitecer,Ceu Claro,Dupla   ,Urbano,Automóvel,Ileso       ,26.0,Masculino
523790,06/05/2009,RN,226,FLORANIA,Outras,Colisão frontal,Com Vítimas Feridas,Pleno dia,Ceu Claro,Simples ,Rural ,Camioneta,Ileso       ,28.0,Masculino
523790,06/05/2009,RN,226,FLORANIA,Outras,Colisão frontal,Com Vítimas Feridas,Pleno dia,Ceu Claro,Simples ,Rural ,Motocicletas,Ferido Grave,22.0,Masculino
523790,06/05/2009,RN,226,FLORANIA,Outras,Colisão frontal,Com Vítimas Feridas,Pleno dia,Ceu Claro,Simples ,Rural ,Motocicletas,Ferido Grave,22.0,Masculino
523830,06/05/2009,RN,101,NATAL,Ultrapassagem indevida,Colisão lateral,Sem Vítimas        ,Pleno dia,Ceu Claro,Dupla   ,Urbano,Ônibus,Ileso       ,38.0,Masculino
523830,06/05/2009,RN,101,NATAL,Ultrapassagem indevida,Colisão lateral,Sem Vítimas        ,Pleno dia,Ceu Claro,Dupla   ,Urbano,Automóvel,Ileso       ,47.0,Masculino
523835,06/05/2009,RN,226,SERRA CAIADA,Falta de atenção,Capotamento,Com Vítimas Feridas,Pleno dia,Chuva,Simples ,Rural ,Caminhonete,Ferido Grave,44.0,Masculino
523857,06/05/2009,RN,101,SAO GONCALO DO AMARANTE,Falta de atenção,Colisão lateral,Sem Vítimas        ,Pleno dia,Nublado,Dupla   ,Urbano,Automóvel,Ileso       ,27.0,Feminino
523857,06/05/2009,RN,101,SAO GONCALO DO AMARANTE,Falta de atenção,Colisão lateral,Sem Vítimas        ,Pleno dia,Nublado,Dupla   ,Urbano,Caminhão-Trator,Ileso       ,29.0,Masculino
523862,02/05/2009,RN,101,ARES,Outras,Saída de Pista,Ignorado           ,Plena noite,Ceu Claro,Simples ,Rural ,Automóvel,Ignorado    ,-1.0,Inválido
524162,07/05/2009,RN,304,MOSSORO,Outras,Colisão frontal,Com Vítimas Feridas,Pleno dia,Ceu Claro,Dupla   ,Urbano,Caminhão-Trator,Ignorado    ,-1.0,Inválido
524162,07/05/2009,RN,304,MOSSORO,Outras,Colisão frontal,Com Vítimas Feridas,Pleno dia,Ceu Claro,Dupla   ,Urbano,Motocicletas,Ferido Leve ,24.0,Masculino
524193,03/05/2009,RN,101,NATAL,Falta de atenção,Colisão traseira,Sem Vítimas        ,Plena noite,Nublado,Dupla   ,Urbano,Automóvel,Ileso       ,32.0,Masculino
524193,03/05/2009,RN,101,NATAL,Falta de atenção,Colisão traseira,Sem Vítimas        ,Plena noite,Nublado,Dupla   ,Urbano,Automóvel,Ileso       ,-1.0,Masculino
524210,07/05/2009,RN,101,NATAL,Outras,Colisão lateral,Sem Vítimas        ,Pleno dia,Ceu Claro,Simples ,Urbano,Caminhão,Ileso       ,30.0,Masculino
524210,07/05/2009,RN,101,NATAL,Outras,Colisão lateral,Sem Vítimas        ,Pleno dia,Ceu Claro,Simples ,Urbano,Automóvel,Ileso       ,18.0,Feminino
524230,07/05/2009,RN,304,LAJES,Dormindo,Colisão Transversal,Sem Vítimas        ,Pleno dia,Sol,Simples ,Rural ,Automóvel,Ileso       ,27.0,Masculino
524230,07/05/2009,RN,304,LAJES,Dormindo,Colisão Transversal,Sem Vítimas        ,Pleno dia,Sol,Simples ,Rural ,Automóvel,Ileso       ,51.0,Masculino
524236,02/05/2009,RN,101,ARES,Falta de atenção,Colisão com objeto fixo,Com Vítimas Feridas,Plena noite,Nublado,Simples ,Rural ,Automóvel,Ferido Leve ,38.0,Masculino
524338,03/05/2009,RN,101,PARNAMIRIM,Ingestão de álcool,Queda de motocicleta / bicicleta / veículo,Com Vítimas Feridas,Plena noite,Nublado,Dupla   ,Rural ,Motocicletas,Ferido Leve ,30.0,Masculino
524338,03/05/2009,RN,101,PARNAMIRIM,Ingestão de álcool,Queda de motocicleta / bicicleta / veículo,Com Vítimas Feridas,Plena noite,Nublado,Dupla   ,Rural ,Motocicletas,Ferido Leve ,27.0,Masculino