id,data_inversa,uf,br,municipio,causa_acidente,tipo_acidente,classificacao_acidente,fase_dia,condicao_metereologica,tipo_pista,uso_solo,tipo_veiculo,estado_fisico,idade,sexo
527963,15/05/2009,RN,304,MOSSORO,Desobediência à sinalização,Colisão Transversal,Com Vítimas Feridas,Plena noite,Ceu Claro,Simples ,Urbano,Motocicletas,Ferido Leve ,33.0,Masculino
527963,15/05/2009,RN,304,MOSSORO,Desobediência à sinalização,Colisão Transversal,Com Vítimas Feridas,Plena noite,Ceu Claro,Simples ,Urbano,Motoneta,Ferido Leve ,23.0,Masculino
527963,15/05/2009,RN,304,MOSSORO,Desobediência à sinalização,Colisão Transversal,Com Vítimas Feridas,Plena noite,Ceu Claro,Simples ,Urbano,Motoneta,Ferido Leve ,18.0,Feminino
527997,15/05/2009,RN,101,NATAL,Falta de atenção,Colisão Transversal,Com Vítimas Feridas,Pleno dia,Sol,Múltipla,Urbano,Caminhão-Trator,Ileso       ,46.0,Masculino
527997,15/05/2009,RN,101,NATAL,Falta de atenção,Colisão Transversal,Com Vítimas Feridas,Pleno dia,Sol,Múltipla,Urbano,Caminhão,Ferido Leve ,46.0,Masculino
528064,15/05/2009,RN,304,MOSSORO,Não guardar distância de segurança,Colisão traseira,Sem Vítimas        ,Plena noite,Nublado,Simples ,Urbano,Camioneta,Ileso       ,46.0,Masculino
528064,15/05/2009,RN,304,MOSSORO,Não guardar distância de segurança,Colisão traseira,Sem Vítimas        ,Plena noite,Nublado,Simples ,Urbano,Automóvel,Ileso       ,35.0,Masculino
528064,15/05/2009,RN,304,MOSSORO,Não guardar distância de segurança,Colisão traseira,Sem Vítimas        ,Plena noite,Nublado,Simples ,Urbano,Automóvel,Ileso       ,29.0,Masculino
528086,16/05/2009,RN,101,NATAL,Falta de atenção,Colisão traseira,Com Vítimas Feridas,Pleno dia,Sol,Dupla   ,Urbano,Motocicletas,Ferido Leve ,52.0,Masculino
528086,16/05/2009,RN,101,NATAL,Falta de atenção,Colisão traseira,Com Vítimas Feridas,Pleno dia,Sol,Dupla   ,Urbano,Automóvel,Ileso       ,37.0,Masculino
528117,16/05/2009,RN,101,SAO GONCALO DO AMARANTE,Falta de atenção,Colisão traseira,Sem Vítimas        ,Pleno dia,Ceu Claro,Dupla   ,Urbano,Caminhonete,Ileso       ,40.0,Masculino
528117,16/05/2009,RN,101,SAO GONCALO DO AMARANTE,Falta de atenção,Colisão traseira,Sem Vítimas        ,Pleno dia,Ceu Claro,Dupla   ,Urbano,Automóvel,Ileso       ,34.0,Masculino
528117,16/05/2009,RN,101,SAO GONCALO DO AMARANTE,Falta de atenção,Colisão traseira,Sem Vítimas        ,Pleno dia,Ceu Claro,Dupla   ,Urbano,Automóvel,Ileso       ,24.0,Masculino
528226,16/05/2009,RN,101,SAO GONCALO DO AMARANTE,Não guardar distância de segurança,Colisão traseira,Sem Vítimas        ,Pleno dia,Ceu Claro,Dupla   ,Urbano,Automóvel,Ileso       ,27.0,Masculino
528226,16/05/2009,RN,101,SAO GONCALO DO AMARANTE,Não guardar distância de segurança,Colisão traseira,Sem Vítimas        ,Pleno dia,Ceu Claro,Dupla   ,Urbano,Caminhão,Ileso       ,40.0,Masculino
528242,16/05/2009,RN,101,SAO JOSE DE MIPIBU,Falta de atenção,Colisão traseira,Sem Vítimas        ,Anoitecer,Ceu Claro,Dupla   ,Rural ,Automóvel,Ileso       ,56.0,Masculino
528242,16/05/2009,RN,101,SAO JOSE DE MIPIBU,Falta de atenção,Colisão traseira,Sem Vítimas        ,Anoitecer,Ceu Claro,Dupla   ,Rural ,Não identificado,Ignorado    ,-1.0,Inválido
528370,16/05/2009,RN,101,NATAL,Outras,Colisão com objeto fixo,Com Vítimas Feridas,Pleno dia,Ceu Claro,Dupla   ,Urbano,Automóvel,Ferido Leve ,27.0,Masculino
528370,16/05/2009,RN,101,NATAL,Outras,Colisão com objeto fixo,Com Vítimas Feridas,Pleno dia,Ceu Claro,Dupla   ,Urbano,(null),Ferido Grave,29.0,Masculino
528370,16/05/2009,RN,101,NATAL,Outras,Colisão com objeto fixo,Com Vítimas Feridas,Pleno dia,Ceu Claro,Dupla   ,Urbano,(null),Ferido Grave,-1.0,Masculino
528370,16/05/2009,RN,101,NATAL,Outras,Colisão com objeto fixo,Com Vítimas Feridas,Pleno dia,Ceu Claro,Dupla   ,Urbano,Automóvel,Ignorado    ,-1.0,Inválido
528378,16/05/2009,RN,101,SAO GONCALO DO AMARANTE,Falta de atenção,Atropelamento de pessoa,Com Vítimas Feridas,Pleno dia,Ceu Claro,Dupla   ,Urbano,Motocicletas,Ferido Grave,20.0,Masculino
528378,16/05/2009,RN,101,SAO GONCALO DO AMARANTE,Falta de atenção,Atropelamento de pessoa,Com Vítimas Feridas,Pleno dia,Ceu Claro,Dupla   ,Urbano,(null),Ferido Grave,33.0,Masculino
528388,16/05/2009,RN,304,RIACHUELO,Desobediência à sinalização,Colisão frontal,Com Vítimas Fatais ,Plena noite,Nublado,Simples ,Rural ,Motoneta,Morto       ,41.0,Masculino
528388,16/05/2009,RN,304,RIACHUELO,Desobediência à sinalização,Colisão frontal,Com Vítimas Fatais ,Plena noite,Nublado,Simples ,Rural ,Camioneta,Ferido Grave,65.0,Masculino
528388,16/05/2009,RN,304,RIACHUELO,Desobediência à sinalização,Colisão frontal,Com Vítimas Fatais ,Plena noite,Nublado,Simples ,Rural ,Camioneta,Ileso       ,39.0,Masculino
528388,16/05/2009,RN,304,RIACHUELO,Desobediência à sinalização,Colisão frontal,Com Vítimas Fatais ,Plena noite,Nublado,Simples ,Rural ,Camioneta,Ileso       ,21.0,Masculino
528526,17/05/2009,RN,101,NATAL,Outras,Colisão traseira,Com Vítimas Feridas,Pleno dia,Nublado,Dupla   ,Urbano,Motocicletas,Ferido Leve ,24.0,Masculino
528526,17/05/2009,RN,101,NATAL,Outras,Colisão traseira,Com Vítimas Feridas,Pleno dia,Nublado,Dupla   ,Urbano,Automóvel,Ileso       ,24.0,Feminino
528550,17/05/2009,RN,101,SAO GONCALO DO AMARANTE,Não guardar distância de segurança,Colisão traseira,Sem Vítimas        ,Plena noite,Chuva,Dupla   ,Urbano,Automóvel,Ileso       ,62.0,Feminino
528550,17/05/2009,RN,101,SAO GONCALO DO AMARANTE,Não guardar distância de segurança,Colisão traseira,Sem Vítimas        ,Plena noite,Chuva,Dupla   ,Urbano,Automóvel,Ileso       ,34.0,Masculino
528550,17/05/2009,RN,101,SAO GONCALO DO AMARANTE,Não guardar distância de segurança,Colisão traseira,Sem Vítimas        ,Plena noite,Chuva,Dupla   ,Urbano,Automóvel,Ileso       ,53.0,Masculino
528550,17/05/2009,RN,101,SAO GONCALO DO AMARANTE,Não guardar distância de segurança,Colisão traseira,Sem Vítimas        ,Plena noite,Chuva,Dupla   ,Urbano,Automóvel,Ileso       ,44.0,Masculino
528565,17/05/2009,RN,101,PARNAMIRIM,Outras,Colisão com bicicleta,Com Vítimas Feridas,Plena noite,Nublado,Dupla   ,Urbano,Motocicletas,Ileso       ,22.0,Masculino
528565,17/05/2009,RN,101,PARNAMIRIM,Outras,Colisão com bicicleta,Com Vítimas Feridas,Plena noite,Nublado,Dupla   ,Urbano,Bicicleta,Ferido Leve ,35.0,Masculino
528633,13/05/2009,RN,101,PARNAMIRIM,Desobediência à sinalização,Colisão lateral,Sem Vítimas        ,Anoitecer,Nublado,Dupla   ,Urbano,Ônibus,Ileso       ,30.0,Masculino
528633,13/05/2009,RN,101,PARNAMIRIM,Desobediência à sinalização,Colisão lateral,Sem Vítimas        ,Anoitecer,Nublado,Dupla   ,Urbano,Caminhão,Ileso       ,43.0,Masculino
528665,17/05/2009,RN,406,SAO GONCALO DO AMARANTE,Desobediência à sinalização,Colisão Transversal,Com Vítimas Feridas,Anoitecer,Chuva,Simples ,Urbano,Automóvel,Ignorado    ,-1.0,Inválido
528665,17/05/2009,RN,406,SAO GONCALO DO AMARANTE,Desobediência à sinalização,Colisão Transversal,Com Vítimas Feridas,Anoitecer,Chuva,Simples ,Urbano,Bicicleta,Ferido Leve ,42.0,Masculino
528677,14/05/2009,RN,304,MOSSORO,Defeito na via,Saída de Pista,Sem Vítimas        ,Plena noite,Chuva,Simples ,Rural ,Automóvel,Ileso       ,30.0,Masculino
528677,14/05/2009,RN,304,MOSSORO,Defeito na via,Saída de Pista,Sem Vítimas        ,Plena noite,Chuva,Simples ,Rural ,Automóvel,Ileso       ,26.0,Masculino
528677,14/05/2009,RN,304,MOSSORO,Defeito na via,Saída de Pista,Sem Vítimas        ,Plena noite,Chuva,Simples ,Rural ,Automóvel,Ileso       ,23.0,Masculino
528688,15/05/2009,RN,101,SAO GONCALO DO AMARANTE,Desobediência à sinalização,Colisão Transversal,Sem Vítimas        ,Pleno dia,Sol,Dupla   ,Urbano,Caminhão,Ileso       ,35.0,Masculino
528688,15/05/2009,RN,101,SAO GONCALO DO AMARANTE,Desobediência à sinalização,Colisão Transversal,Sem Vítimas        ,Pleno dia,Sol,Dupla   ,Urbano,Automóvel,Ileso       ,41.0,Masculino
528689,17/05/2009,RN,304,ASSU,Outras,Colisão frontal,Com Vítimas Feridas,Plena noite,Nublado,Simples ,Rural ,Automóvel,Ferido Grave,19.0,Masculino
528689,17/05/2009,RN,304,ASSU,Outras,Colisão frontal,Com Vítimas Feridas,Plena noite,Nublado,Simples ,Rural ,Caminhão,Ileso       ,29.0,Masculino
528690,17/05/2009,RN,226,SANTA CRUZ,Outras,Atropelamento de pessoa,Com Vítimas Fatais ,Plena noite,Ceu Claro,Simples ,Rural ,Automóvel,Ileso       ,31.0,Masculino
528690,17/05/2009,RN,226,SANTA CRUZ,Outras,Atropelamento de pessoa,Com Vítimas Fatais ,Plena noite,Ceu Claro,Simples ,Rural ,(null),Morto       ,77.0,Masculino
528690,17/05/2009,RN,226,SANTA CRUZ,Outras,Atropelamento de pessoa,Com Vítimas Fatais ,Plena noite,Ceu Claro,Simples ,Rural ,Automóvel,Ileso       ,31.0,Feminino
528690,17/05/2009,RN,226,SANTA CRUZ,Outras,Atropelamento de pessoa,Com Vítimas Fatais ,Plena noite,Ceu Claro,Simples ,Rural ,Automóvel,Ileso       ,15.0,Masculino
528786,16/05/2009,RN,101,NATAL,Outras,Colisão com objeto fixo,Com Vítimas Feridas,Pleno dia,Ceu Claro,Dupla   ,Urbano,Motocicletas,Ferido Grave,28.0,Masculino
528789,16/05/2009,RN,405,MOSSORO,Outras,Colisão Transversal,Com Vítimas Feridas,Pleno dia,Ceu Claro,Simples ,Urbano,Automóvel,Ileso       ,24.0,Masculino
528789,16/05/2009,RN,405,MOSSORO,Outras,Colisão Transversal,Com Vítimas Feridas,Pleno dia,Ceu Claro,Simples ,Urbano,Motoneta,Ferido Leve ,-1.0,Masculino
528945,18/05/2009,RN,101,PARNAMIRIM,Outras,Colisão lateral,Sem Vítimas        ,Pleno dia,Sol,Múltipla,Urbano,Caminhão,Ileso       ,55.0,Masculino
528945,18/05/2009,RN,101,PARNAMIRIM,Outras,Colisão lateral,Sem Vítimas        ,Pleno dia,Sol,Múltipla,Urbano,Automóvel,Ileso       ,21.0,Masculino
528960,14/05/2009,RN,304,MOSSORO,Outras,Saída de Pista,Com Vítimas Feridas,Pleno dia,Ceu Claro,Simples ,Rural ,Caminhão-Trator,Ferido Leve ,28.0,Masculino
529130,18/05/2009,RN,101,PARNAMIRIM,Falta de atenção,Colisão Transversal,Com Vítimas Feridas,Pleno dia,Ceu Claro,Dupla   ,Urbano,Motocicletas,Ferido Leve ,33.0,Masculino
529130,18/05/2009,RN,101,PARNAMIRIM,Falta de atenção,Colisão Transversal,Com Vítimas Feridas,Pleno dia,Ceu Claro,Dupla   ,Urbano,Motocicletas,Ferido Leve ,21.0,Feminino
529130,18/05/2009,RN,101,PARNAMIRIM,Falta de atenção,Colisão Transversal,Com Vítimas Feridas,Pleno dia,Ceu Claro,Dupla   ,Urbano,Automóvel,Ileso       ,36.0,Masculino
529197,15/05/2009,RN,304,MOSSORO,Animais na Pista,Atropelamento de animal,Com Vítimas Feridas,Plena noite,Nublado,Simples ,Urbano,Motocicletas,Ferido Leve ,-1.0,Masculino
529217,19/05/2009,RN,110,MOSSORO,Falta de atenção,Colisão lateral,Sem Vítimas        ,Amanhecer,Nevoeiro/neblina,Dupla   ,Urbano,Microônibus,Ileso       ,25.0,Masculino
529217,19/05/2009,RN,110,MOSSORO,Falta de atenção,Colisão lateral,Sem Vítimas        ,Amanhecer,Nevoeiro/neblina,Dupla   ,Urbano,Automóvel,Ileso       ,33.0,Feminino
529235,19/05/2009,RN,226,CURRAIS NOVOS,Dormindo,Capotamento,Com Vítimas Feridas,Pleno dia,Ceu Claro,Simples ,Rural ,Automóvel,Ferido Leve ,36.0,Masculino
529235,19/05/2009,RN,226,CURRAIS NOVOS,Dormindo,Capotamento,Com Vítimas Feridas,Pleno dia,Ceu Claro,Simples ,Rural ,Automóvel,Ferido Leve ,16.0,Feminino
529256,19/05/2009,RN,101,PARNAMIRIM,Outras,Colisão traseira,Sem Vítimas        ,Pleno dia,Ceu Claro,Dupla   ,Urbano,Caminhão,Ileso       ,40.0,Masculino
529256,19/05/2009,RN,101,PARNAMIRIM,Outras,Colisão traseira,Sem Vítimas        ,Pleno dia,Ceu Claro,Dupla   ,Urbano,Caminhonete,Ileso       ,36.0,Masculino
529277,16/05/2009,RN,304,MOSSORO,Outras,Colisão com bicicleta,Com Vítimas Feridas,Plena noite,Nublado,Simples ,Urbano,Bicicleta,Ferido Leve ,30.0,Masculino
529277,16/05/2009,RN,304,MOSSORO,Outras,Colisão com bicicleta,Com Vítimas Feridas,Plena noite,Nublado,Simples ,Urbano,Motocicletas,Ferido Leve ,-1.0,Masculino
529422,16/05/2009,RN,304,ITAJA,Falta de atenção,Colisão Transversal,Com Vítimas Feridas,Plena noite,Ceu Claro,Simples ,Urbano,Caminhão,Ileso       ,23.0,Masculino
529422,16/05/2009,RN,304,ITAJA,Falta de atenção,Colisão Transversal,Com Vítimas Feridas,Plena noite,Ceu Claro,Simples ,Urbano,Automóvel,Ferido Leve ,31.0,Masculino
529422,16/05/2009,RN,304,ITAJA,Falta de atenção,Colisão Transversal,Com Vítimas Feridas,Plena noite,Ceu Claro,Simples ,Urbano,Automóvel,Ferido Leve ,24.0,Feminino
529422,16/05/2009,RN,304,ITAJA,Falta de atenção,Colisão Transversal,Com Vítimas Feridas,Plena noite,Ceu Claro,Simples ,Urbano,Automóvel,Ferido Leve ,25.0,Masculino
529422,16/05/2009,RN,304,ITAJA,Falta de atenção,Colisão Transversal,Com Vítimas Feridas,Plena noite,Ceu Claro,Simples ,Urbano,Automóvel,Ferido Leve ,18.0,Masculino
529422,16/05/2009,RN,304,ITAJA,Falta de atenção,Colisão Transversal,Com Vítimas Feridas,Plena noite,Ceu Claro,Simples ,Urbano,Automóvel,Ferido Leve ,21.0,Feminino
529422,16/05/2009,RN,304,ITAJA,Falta de atenção,Colisão Transversal,Com Vítimas Feridas,Plena noite,Ceu Claro,Simples ,Urbano,Automóvel,Ferido Leve ,-1.0,Feminino
529422,16/05/2009,RN,304,ITAJA,Falta de atenção,Colisão Transversal,Com Vítimas Feridas,Plena noite,Ceu Claro,Simples ,Urbano,Automóvel,Ferido Leve ,21.0,Feminino
529491,19/05/2009,RN,226,SANTA CRUZ,Falta de atenção,Colisão Transversal,Com Vítimas Feridas,Anoitecer,Nublado,Simples ,Urbano,Motocicletas,Ileso       ,33.0,Masculino
529491,19/05/2009,RN,226,SANTA CRUZ,Falta de atenção,Colisão Transversal,Com Vítimas Feridas,Anoitecer,Nublado,Simples ,Urbano,Motocicletas,Ferido Leve ,-1.0,Masculino
529491,19/05/2009,RN,226,SANTA CRUZ,Falta de atenção,Colisão Transversal,Com Vítimas Feridas,Anoitecer,Nublado,Simples ,Urbano,Motocicletas,Ferido Leve ,19.0,Masculino
529503,19/05/2009,RN,101,PARNAMIRIM,Falta de atenção,Colisão Transversal,Com Vítimas Feridas,Plena noite,Ceu Claro,Dupla   ,Urbano,Bicicleta,Ferido Leve ,26.0,Masculino
529503,19/05/2009,RN,101,PARNAMIRIM,Falta de atenção,Colisão Transversal,Com Vítimas Feridas,Plena noite,Ceu Claro,Dupla   ,Urbano,Automóvel,Ileso       ,20.0,Masculino
529508,14/05/2009,RN,101,PARNAMIRIM,Ingestão de álcool,Colisão com objeto fixo,Sem Vítimas        ,Plena noite,Ceu Claro,Dupla   ,Urbano,Automóvel,Ileso       ,45.0,Masculino
529527,19/05/2009,RN,304,LAJES,Defeito na via,Danos Eventuais,Sem Vítimas        ,Plena noite,Ceu Claro,Simples ,Rural ,Automóvel,Ileso       ,25.0,Masculino
529530,15/05/2009,RN,101,NATAL,Não guardar distância de segurança,Colisão traseira,Sem Vítimas        ,Pleno dia,Ceu Claro,Múltipla,Urbano,Automóvel,Ileso       ,22.0,Masculino
529530,15/05/2009,RN,101,NATAL,Não guardar distância de segurança,Colisão traseira,Sem Vítimas        ,Pleno dia,Ceu Claro,Múltipla,Urbano,Automóvel,Ileso       ,21.0,Masculino
529556,19/05/2009,RN,101,NATAL,Falta de atenção,Colisão traseira,Sem Vítimas        ,Pleno dia,Sol,Dupla   ,Urbano,Automóvel,Ileso       ,36.0,Masculino
529556,19/05/2009,RN,101,NATAL,Falta de atenção,Colisão traseira,Sem Vítimas        ,Pleno dia,Sol,Dupla   ,Urbano,Camioneta,Ileso       ,27.0,Feminino
529594,17/05/2009,RN,101,SAO GONCALO DO AMARANTE,Não guardar distância de segurança,Colisão traseira,Sem Vítimas        ,Pleno dia,Ceu Claro,Dupla   ,Urbano,Caminhonete,Ileso       ,49.0,Feminino
529594,17/05/2009,RN,101,SAO GONCALO DO AMARANTE,Não guardar distância de segurança,Colisão traseira,Sem Vítimas        ,Pleno dia,Ceu Claro,Dupla   ,Urbano,Automóvel,Ileso       ,35.0,Masculino
529594,17/05/2009,RN,101,SAO GONCALO DO AMARANTE,Não guardar distância de segurança,Colisão traseira,Sem Vítimas        ,Pleno dia,Ceu Claro,Dupla   ,Urbano,Automóvel,Ileso       ,32.0,Masculino
529711,16/05/2009,RN,406,POCO BRANCO,Outras,Colisão Transversal,Com Vítimas Feridas,Plena noite,Ceu Claro,Simples ,Rural ,Automóvel,Ileso       ,32.0,Masculino
529711,16/05/2009,RN,406,POCO BRANCO,Outras,Colisão Transversal,Com Vítimas Feridas,Plena noite,Ceu Claro,Simples ,Rural ,Motocicletas,Ferido Leve ,29.0,Masculino
529782,20/05/2009,RN,101,NATAL,Não guardar distância de segurança,Colisão traseira,Sem Vítimas        ,Pleno dia,Ceu Claro,Dupla   ,Urbano,Caminhão,Ileso       ,36.0,Masculino
529782,20/05/2009,RN,101,NATAL,Não guardar distância de segurança,Colisão traseira,Sem Vítimas        ,Pleno dia,Ceu Claro,Dupla   ,Urbano,Automóvel,Ileso       ,64.0,Masculino
529820,20/05/2009,RN,427,CAICO,Outras,Colisão traseira,Com Vítimas Feridas,Pleno dia,Ceu Claro,Simples ,Urbano,Motocicletas,Ileso       ,-1.0,Masculino
529820,20/05/2009,RN,427,CAICO,Outras,Colisão traseira,Com Vítimas Feridas,Pleno dia,Ceu Claro,Simples ,Urbano,Motoneta,Ferido Leve ,29.0,Feminino
529820,20/05/2009,RN,427,CAICO,Outras,Colisão traseira,Com Vítimas Feridas,Pleno dia,Ceu Claro,Simples ,Urbano,Motoneta,Ferido Leve ,12.0,Masculino
529876,20/05/2009,RN,101,NATAL,Não guardar distância de segurança,Colisão traseira,Sem Vítimas        ,Pleno dia,Sol,Dupla   ,Urbano,Não identificado,Ignorado    ,-1.0,Inválido
529876,20/05/2009,RN,101,NATAL,Não guardar distância de segurança,Colisão traseira,Sem Vítimas        ,Pleno dia,Sol,Dupla   ,Urbano,Caminhonete,Ileso       ,39.0,Masculino
529876,20/05/2009,RN,101,NATAL,Não guardar distância de segurança,Colisão traseira,Sem Vítimas        ,Pleno dia,Sol,Dupla   ,Urbano,Automóvel,Ileso       ,36.0,Feminino
529876,20/05/2009,RN,101,NATAL,Não guardar distância de segurança,Colisão traseira,Sem Vítimas        ,Pleno dia,Sol,Dupla   ,Urbano,Automóvel,Ileso       ,25.0,Masculino
529894,20/05/2009,RN,101,NATAL,Falta de atenção,Colisão traseira,Sem Vítimas        ,Anoitecer,Ceu Claro,Múltipla,Urbano,Automóvel,Ileso       ,26.0,Feminino
529894,20/05/2009,RN,101,NATAL,Falta de atenção,Colisão traseira,Sem Vítimas        ,Anoitecer,Ceu Claro,Múltipla,Urbano,Automóvel,Ileso       ,53.0,Masculino
529994,19/05/2009,RN,101,NATAL,Não guardar distância de segurança,Colisão traseira,Com Vítimas Feridas,Pleno dia,Ceu Claro,Simples ,Urbano,Automóvel,Ileso       ,37.0,Masculino
529994,19/05/2009,RN,101,NATAL,Não guardar distância de segurança,Colisão traseira,Com Vítimas Feridas,Pleno dia,Ceu Claro,Simples ,Urbano,Motocicletas,Ferido Leve ,25.0,Masculino
530015,19/05/2009,RN,101,PARNAMIRIM,Não guardar distância de segurança,Colisão lateral,Sem Vítimas        ,Pleno dia,Sol,Dupla   ,Urbano,Automóvel,Ileso       ,59.0,Masculino
530015,19/05/2009,RN,101,PARNAMIRIM,Não guardar distância de segurança,Colisão lateral,Sem Vítimas        ,Pleno dia,Sol,Dupla   ,Urbano,Automóvel,Ignorado    ,-1.0,Masculino
530016,27/03/2009,RN,101,NATAL,Outras,Colisão traseira,Sem Vítimas        ,Pleno dia,Ceu Claro,Dupla   ,Urbano,Motocicletas,Ileso       ,45.0,Feminino
530016,27/03/2009,RN,101,NATAL,Outras,Colisão traseira,Sem Vítimas        ,Pleno dia,Ceu Claro,Dupla   ,Urbano,Automóvel,Ileso       ,-1.0,Masculino
530056,20/05/2009,RN,101,NATAL,Falta de atenção,Colisão Transversal,Sem Vítimas        ,Amanhecer,Nublado,Dupla   ,Urbano,Caminhão-Trator,Ileso       ,41.0,Masculino
530056,20/05/2009,RN,101,NATAL,Falta de atenção,Colisão Transversal,Sem Vítimas        ,Amanhecer,Nublado,Dupla   ,Urbano,Automóvel,Ileso       ,37.0,Masculino
530062,18/05/2009,RN,101,PARNAMIRIM,Falta de atenção,Colisão traseira,Sem Vítimas        ,Pleno dia,Sol,Dupla   ,Urbano,Automóvel,Ileso       ,41.0,Masculino
530062,18/05/2009,RN,101,PARNAMIRIM,Falta de atenção,Colisão traseira,Sem Vítimas        ,Pleno dia,Sol,Dupla   ,Urbano,Caminhão,Ileso       ,38.0,Masculino
530073,18/05/2009,RN,101,NATAL,Falta de atenção,Colisão traseira,Sem Vítimas        ,Pleno dia,Sol,Dupla   ,Urbano,Automóvel,Ileso       ,-1.0,Masculino
530073,18/05/2009,RN,101,NATAL,Falta de atenção,Colisão traseira,Sem Vítimas        ,Pleno dia,Sol,Dupla   ,Urbano,Caminhonete,Ignorado    ,-1.0,Inválido
530073,18/05/2009,RN,101,NATAL,Falta de atenção,Colisão traseira,Sem Vítimas        ,Pleno dia,Sol,Dupla   ,Urbano,Automóvel,Ileso       ,43.0,Masculino
530231,17/05/2009,RN,101,NATAL,Falta de atenção,Colisão traseira,Sem Vítimas        ,Plena noite,Chuva,Dupla   ,Urbano,Automóvel,Ileso       ,29.0,Masculino
530231,17/05/2009,RN,101,NATAL,Falta de atenção,Colisão traseira,Sem Vítimas        ,Plena noite,Chuva,Dupla   ,Urbano,Automóvel,Ileso       ,42.0,Masculino
530249,21/05/2009,RN,101,SAO GONCALO DO AMARANTE,Falta de atenção,Colisão traseira,Sem Vítimas        ,Pleno dia,Ceu Claro,Dupla   ,Urbano,Camioneta,Ileso       ,28.0,Masculino
530249,21/05/2009,RN,101,SAO GONCALO DO AMARANTE,Falta de atenção,Colisão traseira,Sem Vítimas        ,Pleno dia,Ceu Claro,Dupla   ,Urbano,Automóvel,Ileso       ,37.0,Masculino
530317,21/05/2009,RN,101,EXTREMOZ,Não guardar distância de segurança,Colisão traseira,Ignorado           ,Plena noite,Ceu Claro,Dupla   ,Rural ,Automóvel,Ignorado    ,-1.0,Masculino
530317,21/05/2009,RN,101,EXTREMOZ,Não guardar distância de segurança,Colisão traseira,Ignorado           ,Plena noite,Ceu Claro,Dupla   ,Rural ,Automóvel,Ignorado    ,-1.0,Inválido
530346,21/05/2009,RN,101,PARNAMIRIM,Outras,Tombamento,Com Vítimas Fatais ,Plena noite,Chuva,Dupla   ,Urbano,Motocicletas,Morto       ,33.0,Masculino
530346,21/05/2009,RN,101,PARNAMIRIM,Outras,Tombamento,Com Vítimas Fatais ,Plena noite,Chuva,Dupla   ,Urbano,Caminhão,Ignorado    ,-1.0,Inválido
530395,14/05/2009,RN,304,ITAJA,Defeito na via,Colisão frontal,Sem Vítimas        ,Pleno dia,Ceu Claro,Simples ,Rural ,Automóvel,Ileso       ,30.0,Masculino
530395,14/05/2009,RN,304,ITAJA,Defeito na via,Colisão frontal,Sem Vítimas        ,Pleno dia,Ceu Claro,Simples ,Rural ,Automóvel,Ileso       ,46.0,Masculino
530563,22/05/2009,RN,304,MOSSORO,Defeito na via,Saída de Pista,Sem Vítimas        ,Pleno dia,Ceu Claro,Simples ,Rural ,Automóvel,Ileso       ,32.0,Masculino
530651,22/05/2009,RN,101,PARNAMIRIM,Desobediência à sinalização,Colisão traseira,Sem Vítimas        ,Pleno dia,Ceu Claro,Dupla   ,Urbano,Caminhonete,Ileso       ,28.0,Masculino
530651,22/05/2009,RN,101,PARNAMIRIM,Desobediência à sinalização,Colisão traseira,Sem Vítimas        ,Pleno dia,Ceu Claro,Dupla   ,Urbano,Automóvel,Ileso       ,-1.0,Masculino
530666,22/05/2009,RN,304,ITAJA,Defeito na via,Saída de Pista,Com Vítimas Feridas,Pleno dia,Ceu Claro,Simples ,Rural ,Automóvel,Ferido Leve ,29.0,Masculino
530689,22/05/2009,RN,101,SAO JOSE DE MIPIBU,Falta de atenção,Colisão Transversal,Sem Vítimas        ,Anoitecer,Chuva,Simples ,Urbano,Automóvel,Ileso       ,78.0,Masculino
530689,22/05/2009,RN,101,SAO JOSE DE MIPIBU,Falta de atenção,Colisão Transversal,Sem Vítimas        ,Anoitecer,Chuva,Simples ,Urbano,Automóvel,Ileso       ,55.0,Masculino
530781,22/05/2009,RN,405,MOSSORO,Falta de atenção,Colisão Transversal,Sem Vítimas        ,Pleno dia,Ceu Claro,Simples ,Urbano,Automóvel,Ileso       ,72.0,Masculino
530781,22/05/2009,RN,405,MOSSORO,Falta de atenção,Colisão Transversal,Sem Vítimas        ,Pleno dia,Ceu Claro,Simples ,Urbano,Motocicletas,Ignorado    ,-1.0,Inválido
530786,22/05/2009,RN,406,SAO GONCALO DO AMARANTE,Outras,Colisão com bicicleta,Com Vítimas Feridas,Plena noite,Chuva,Simples ,Urbano,Ônibus,Ileso       ,35.0,Masculino
530786,22/05/2009,RN,406,SAO GONCALO DO AMARANTE,Outras,Colisão com bicicleta,Com Vítimas Feridas,Plena noite,Chuva,Simples ,Urbano,Bicicleta,Ferido Leve ,-1.0,Masculino
530789,22/05/2009,RN,427,CURRAIS NOVOS,Ultrapassagem indevida,Colisão traseira,Com Vítimas Feridas,Pleno dia,Chuva,Simples ,Rural ,Motocicletas,Ferido Leve ,46.0,Masculino
530789,22/05/2009,RN,427,CURRAIS NOVOS,Ultrapassagem indevida,Colisão traseira,Com Vítimas Feridas,Pleno dia,Chuva,Simples ,Rural ,Caminhão,Ileso       ,24.0,Masculino
530789,22/05/2009,RN,427,CURRAIS NOVOS,Ultrapassagem indevida,Colisão traseira,Com Vítimas Feridas,Pleno dia,Chuva,Simples ,Rural ,Automóvel,Ileso       ,58.0,Feminino
530812,18/05/2009,RN,101,NATAL,Não guardar distância de segurança,Colisão traseira,Sem Vítimas        ,Pleno dia,Nublado,Dupla   ,Urbano,Ônibus,Ileso       ,30.0,Masculino