id,data_inversa,uf,br,municipio,causa_acidente,tipo_acidente,classificacao_acidente,fase_dia,condicao_metereologica,tipo_pista,uso_solo,tipo_veiculo,estado_fisico,idade,sexo
530812,18/05/2009,RN,101,NATAL,Não guardar distância de segurança,Colisão traseira,Sem Vítimas        ,Pleno dia,Nublado,Dupla   ,Urbano,Ônibus,Ileso       ,36.0,Masculino
530812,18/05/2009,RN,101,NATAL,Não guardar distância de segurança,Colisão traseira,Sem Vítimas        ,Pleno dia,Nublado,Dupla   ,Urbano,Caminhão,Ileso       ,-1.0,Masculino
530817,15/05/2009,RN,101,NATAL,Falta de atenção,Colisão Transversal,Com Vítimas Feridas,Pleno dia,Ceu Claro,Simples ,Urbano,Camioneta,Ignorado    ,-1.0,Masculino
530817,15/05/2009,RN,101,NATAL,Falta de atenção,Colisão Transversal,Com Vítimas Feridas,Pleno dia,Ceu Claro,Simples ,Urbano,Motocicletas,Ferido Leve ,22.0,Masculino
530837,19/05/2009,RN,101,PARNAMIRIM,Falta de atenção,Colisão lateral,Sem Vítimas        ,Plena noite,Ceu Claro,Múltipla,Urbano,Caminhonete,Ileso       ,43.0,Masculino
530837,19/05/2009,RN,101,PARNAMIRIM,Falta de atenção,Colisão lateral,Sem Vítimas        ,Plena noite,Ceu Claro,Múltipla,Urbano,Camioneta,Ileso       ,26.0,Masculino
530848,23/05/2009,RN,304,MOSSORO,Desobediência à sinalização,Colisão Transversal,Com Vítimas Feridas,Pleno dia,Nublado,Dupla   ,Urbano,Motocicletas,Ferido Leve ,20.0,Masculino
530848,23/05/2009,RN,304,MOSSORO,Desobediência à sinalização,Colisão Transversal,Com Vítimas Feridas,Pleno dia,Nublado,Dupla   ,Urbano,Automóvel,Ileso       ,46.0,Masculino
530878,23/05/2009,RN,304,PARNAMIRIM,Falta de atenção,Colisão lateral,Sem Vítimas        ,Pleno dia,Chuva,Múltipla,Urbano,Automóvel,Ileso       ,49.0,Masculino
530878,23/05/2009,RN,304,PARNAMIRIM,Falta de atenção,Colisão lateral,Sem Vítimas        ,Pleno dia,Chuva,Múltipla,Urbano,Automóvel,Ileso       ,19.0,Masculino
530902,23/05/2009,RN,406,TAIPU,Outras,Saída de Pista,Com Vítimas Feridas,Pleno dia,Chuva,Simples ,Rural ,Automóvel,Ferido Leve ,27.0,Masculino
530939,23/05/2009,RN,304,RIACHUELO,Outras,Colisão Transversal,Sem Vítimas        ,Pleno dia,Chuva,Simples ,Urbano,Caminhão,Ileso       ,-1.0,Inválido
530939,23/05/2009,RN,304,RIACHUELO,Outras,Colisão Transversal,Sem Vítimas        ,Pleno dia,Chuva,Simples ,Urbano,Caminhão,Ileso       ,26.0,Masculino
530939,23/05/2009,RN,304,RIACHUELO,Outras,Colisão Transversal,Sem Vítimas        ,Pleno dia,Chuva,Simples ,Urbano,Caminhão-Trator,Ileso       ,31.0,Masculino
531126,23/05/2009,RN,427,SERRA NEGRA DO NORTE,Defeito na via,Capotamento,Com Vítimas Feridas,Pleno dia,Ceu Claro,Simples ,Rural ,Automóvel,Ferido Leve ,26.0,Masculino
531126,23/05/2009,RN,427,SERRA NEGRA DO NORTE,Defeito na via,Capotamento,Com Vítimas Feridas,Pleno dia,Ceu Claro,Simples ,Rural ,Caminhão-Trator,Ileso       ,-1.0,Inválido
531141,24/05/2009,RN,304,MOSSORO,Falta de atenção,Colisão traseira,Com Vítimas Feridas,Plena noite,Nublado,Simples ,Urbano,Automóvel,Ignorado    ,-1.0,Masculino
531141,24/05/2009,RN,304,MOSSORO,Falta de atenção,Colisão traseira,Com Vítimas Feridas,Plena noite,Nublado,Simples ,Urbano,Motocicletas,Ferido Leve ,23.0,Masculino
531193,22/05/2009,RN,427,CAICO,Outras,Tombamento,Com Vítimas Feridas,Pleno dia,Chuva,Simples ,Rural ,Caminhão,Ileso       ,35.0,Masculino
531193,22/05/2009,RN,427,CAICO,Outras,Tombamento,Com Vítimas Feridas,Pleno dia,Chuva,Simples ,Rural ,Caminhão,Ferido Leve ,9.0,Masculino
531218,22/05/2009,RN,101,PARNAMIRIM,Falta de atenção,Colisão traseira,Sem Vítimas        ,Pleno dia,Nublado,Dupla   ,Urbano,Automóvel,Ileso       ,27.0,Feminino
531218,22/05/2009,RN,101,PARNAMIRIM,Falta de atenção,Colisão traseira,Sem Vítimas        ,Pleno dia,Nublado,Dupla   ,Urbano,Caminhonete,Ileso       ,43.0,Masculino
531250,24/05/2009,RN,101,CANGUARETAMA,Defeito na via,Danos Eventuais,Sem Vítimas        ,Pleno dia,Nublado,Simples ,Urbano,Caminhão-Trator,Ileso       ,29.0,Masculino
531286,20/05/2009,RN,304,MOSSORO,Desobediência à sinalização,Colisão Transversal,Sem Vítimas        ,Pleno dia,Sol,Simples ,Urbano,Caminhão,Ileso       ,56.0,Masculino
531286,20/05/2009,RN,304,MOSSORO,Desobediência à sinalização,Colisão Transversal,Sem Vítimas        ,Pleno dia,Sol,Simples ,Urbano,Caminhão,Ileso       ,23.0,Masculino
531317,24/05/2009,RN,101,NATAL,Desobediência à sinalização,Colisão Transversal,Sem Vítimas        ,Pleno dia,Nublado,Dupla   ,Urbano,Automóvel,Ileso       ,36.0,Masculino
531317,24/05/2009,RN,101,NATAL,Desobediência à sinalização,Colisão Transversal,Sem Vítimas        ,Pleno dia,Nublado,Dupla   ,Urbano,Automóvel,Ignorado    ,-1.0,Masculino
531365,24/05/2009,RN,226,SANTA CRUZ,Outras,Colisão com bicicleta,Com Vítimas Feridas,Pleno dia,Nublado,Simples ,Urbano,Automóvel,Ileso       ,28.0,Masculino
531365,24/05/2009,RN,226,SANTA CRUZ,Outras,Colisão com bicicleta,Com Vítimas Feridas,Pleno dia,Nublado,Simples ,Urbano,Bicicleta,Ferido Grave,72.0,Masculino
531375,24/05/2009,RN,304,ASSU,Defeito na via,Capotamento,Com Vítimas Feridas,Pleno dia,Ceu Claro,Simples ,Rural ,Automóvel,Ferido Leve ,27.0,Masculino
531402,24/05/2009,RN,304,ITAJA,Defeito na via,Saída de Pista,Com Vítimas Feridas,Pleno dia,Ceu Claro,Simples ,Rural ,Automóvel,Ferido Leve ,32.0,Feminino
531402,24/05/2009,RN,304,ITAJA,Defeito na via,Saída de Pista,Com Vítimas Feridas,Pleno dia,Ceu Claro,Simples ,Rural ,Automóvel,Ferido Leve ,11.0,Masculino
531402,24/05/2009,RN,304,ITAJA,Defeito na via,Saída de Pista,Com Vítimas Feridas,Pleno dia,Ceu Claro,Simples ,Rural ,Automóvel,Ferido Leve ,7.0,Feminino
531402,24/05/2009,RN,304,ITAJA,Defeito na via,Saída de Pista,Com Vítimas Feridas,Pleno dia,Ceu Claro,Simples ,Rural ,Automóvel,Ileso       ,15.0,Masculino
531410,24/05/2009,RN,101,NATAL,Falta de atenção,Atropelamento de pessoa,Com Vítimas Feridas,Anoitecer,Nublado,Dupla   ,Urbano,(null),Ferido Leve ,23.0,Masculino
531410,24/05/2009,RN,101,NATAL,Falta de atenção,Atropelamento de pessoa,Com Vítimas Feridas,Anoitecer,Nublado,Dupla   ,Urbano,Automóvel,Ignorado    ,-1.0,Masculino
531455,24/05/2009,RN,304,MOSSORO,Defeito na via,Saída de Pista,Com Vítimas Feridas,Pleno dia,Nublado,Simples ,Rural ,Automóvel,Ferido Leve ,33.0,Masculino
531455,24/05/2009,RN,304,MOSSORO,Defeito na via,Saída de Pista,Com Vítimas Feridas,Pleno dia,Nublado,Simples ,Rural ,Automóvel,Ferido Leve ,31.0,Feminino
531468,23/05/2009,RN,101,NATAL,Ingestão de álcool,Colisão traseira,Sem Vítimas        ,Plena noite,Chuva,Dupla   ,Urbano,Automóvel,Ileso       ,38.0,Masculino
531468,23/05/2009,RN,101,NATAL,Ingestão de álcool,Colisão traseira,Sem Vítimas        ,Plena noite,Chuva,Dupla   ,Urbano,Automóvel,Ileso       ,37.0,Masculino
531529,24/05/2009,RN,101,NATAL,Falta de atenção,Colisão lateral,Sem Vítimas        ,Plena noite,Nublado,Dupla   ,Urbano,Automóvel,Ileso       ,29.0,Masculino
531529,24/05/2009,RN,101,NATAL,Falta de atenção,Colisão lateral,Sem Vítimas        ,Plena noite,Nublado,Dupla   ,Urbano,Automóvel,Ileso       ,36.0,Masculino
531533,24/05/2009,RN,101,NATAL,Falta de atenção,Colisão Transversal,Sem Vítimas        ,Plena noite,Chuva,Dupla   ,Urbano,Automóvel,Ileso       ,-1.0,Feminino
531533,24/05/2009,RN,101,NATAL,Falta de atenção,Colisão Transversal,Sem Vítimas        ,Plena noite,Chuva,Dupla   ,Urbano,Automóvel,Ileso       ,-1.0,Masculino
531560,25/05/2009,RN,427,CAICO,Falta de atenção,Capotamento,Sem Vítimas        ,Plena noite,Ceu Claro,Simples ,Urbano,Automóvel,Ileso       ,-1.0,Masculino
531603,20/05/2009,RN,304,PARNAMIRIM,Outras,Colisão lateral,Sem Vítimas        ,Pleno dia,Ceu Claro,Múltipla,Urbano,Automóvel,Ileso       ,42.0,Feminino
531603,20/05/2009,RN,304,PARNAMIRIM,Outras,Colisão lateral,Sem Vítimas        ,Pleno dia,Ceu Claro,Múltipla,Urbano,Caminhão,Ileso       ,51.0,Masculino
531636,25/05/2009,RN,101,PARNAMIRIM,Não guardar distância de segurança,Colisão lateral,Sem Vítimas        ,Pleno dia,Ceu Claro,Dupla   ,Urbano,Caminhão,Ileso       ,37.0,Masculino
531636,25/05/2009,RN,101,PARNAMIRIM,Não guardar distância de segurança,Colisão lateral,Sem Vítimas        ,Pleno dia,Ceu Claro,Dupla   ,Urbano,Automóvel,Ileso       ,24.0,Masculino
531653,19/05/2009,RN,101,NATAL,Falta de atenção,Colisão lateral,Sem Vítimas        ,Pleno dia,Nublado,Múltipla,Urbano,Automóvel,Ileso       ,27.0,Masculino
531653,19/05/2009,RN,101,NATAL,Falta de atenção,Colisão lateral,Sem Vítimas        ,Pleno dia,Nublado,Múltipla,Urbano,Ônibus,Ileso       ,43.0,Masculino
531677,23/05/2009,RN,304,MACAIBA,Outras,Colisão lateral,Sem Vítimas        ,Plena noite,Nublado,Simples ,Urbano,Caminhão-Trator,Ileso       ,37.0,Masculino
531677,23/05/2009,RN,304,MACAIBA,Outras,Colisão lateral,Sem Vítimas        ,Plena noite,Nublado,Simples ,Urbano,Automóvel,Ileso       ,34.0,Masculino
531691,17/05/2009,RN,304,ITAJA,Falta de atenção,Colisão traseira,Com Vítimas Feridas,Pleno dia,Nublado,Simples ,Rural ,Ônibus,Ileso       ,37.0,Masculino
531691,17/05/2009,RN,304,ITAJA,Falta de atenção,Colisão traseira,Com Vítimas Feridas,Pleno dia,Nublado,Simples ,Rural ,Automóvel,Ileso       ,50.0,Masculino
531691,17/05/2009,RN,304,ITAJA,Falta de atenção,Colisão traseira,Com Vítimas Feridas,Pleno dia,Nublado,Simples ,Rural ,Automóvel,Ileso       ,42.0,Feminino
531691,17/05/2009,RN,304,ITAJA,Falta de atenção,Colisão traseira,Com Vítimas Feridas,Pleno dia,Nublado,Simples ,Rural ,Automóvel,Ferido Grave,16.0,Masculino
531726,21/05/2009,RN,304,LAJES,Falta de atenção,Colisão lateral,Com Vítimas Fatais ,Pleno dia,Nublado,Simples ,Rural ,Motocicletas,Ferido Grave,21.0,Masculino
531726,21/05/2009,RN,304,LAJES,Falta de atenção,Colisão lateral,Com Vítimas Fatais ,Pleno dia,Nublado,Simples ,Rural ,Motocicletas,Morto       ,64.0,Feminino
531726,21/05/2009,RN,304,LAJES,Falta de atenção,Colisão lateral,Com Vítimas Fatais ,Pleno dia,Nublado,Simples ,Rural ,Caminhão-Trator,Ileso       ,38.0,Masculino
531737,25/05/2009,RN,226,CAMPO REDONDO,Defeito na via,Colisão traseira,Sem Vítimas        ,Pleno dia,Ceu Claro,Simples ,Rural ,Caminhonete,Ileso       ,28.0,Masculino
531737,25/05/2009,RN,226,CAMPO REDONDO,Defeito na via,Colisão traseira,Sem Vítimas        ,Pleno dia,Ceu Claro,Simples ,Rural ,Motocicletas,Ileso       ,24.0,Masculino
531772,22/05/2009,RN,304,MACAIBA,Outras,Colisão traseira,Sem Vítimas        ,Amanhecer,Nublado,Simples ,Rural ,Automóvel,Ileso       ,44.0,Masculino
531772,22/05/2009,RN,304,MACAIBA,Outras,Colisão traseira,Sem Vítimas        ,Amanhecer,Nublado,Simples ,Rural ,Microônibus,Ileso       ,34.0,Masculino
531783,25/05/2009,RN,101,PARNAMIRIM,Falta de atenção,Colisão Transversal,Com Vítimas Feridas,Pleno dia,Nublado,Dupla   ,Urbano,Motocicletas,Ferido Leve ,23.0,Masculino
531783,25/05/2009,RN,101,PARNAMIRIM,Falta de atenção,Colisão Transversal,Com Vítimas Feridas,Pleno dia,Nublado,Dupla   ,Urbano,Motocicletas,Ferido Leve ,29.0,Masculino
531786,27/03/2009,RN,101,MACAIBA,Outras,Colisão traseira,Sem Vítimas        ,Pleno dia,Ceu Claro,Dupla   ,Urbano,Automóvel,Ileso       ,45.0,Feminino
531786,27/03/2009,RN,101,MACAIBA,Outras,Colisão traseira,Sem Vítimas        ,Pleno dia,Ceu Claro,Dupla   ,Urbano,Automóvel,Ileso       ,63.0,Masculino
531800,21/05/2009,RN,101,PARNAMIRIM,Outras,Colisão Transversal,Sem Vítimas        ,Pleno dia,Ceu Claro,Múltipla,Urbano,Automóvel,Ileso       ,51.0,Feminino
531800,21/05/2009,RN,101,PARNAMIRIM,Outras,Colisão Transversal,Sem Vítimas        ,Pleno dia,Ceu Claro,Múltipla,Urbano,Microônibus,Ileso       ,24.0,Masculino
531846,21/05/2009,RN,101,SAO JOSE DE MIPIBU,Defeito mecânico em veículo,Tombamento,Sem Vítimas        ,Pleno dia,Ceu Claro,Simples ,Rural ,Caminhão,Ileso       ,40.0,Masculino
531886,25/05/2009,RN,101,NATAL,Outras,Colisão lateral,Sem Vítimas        ,Plena noite,Ceu Claro,Dupla   ,Urbano,Motocicletas,Ileso       ,24.0,Masculino
531886,25/05/2009,RN,101,NATAL,Outras,Colisão lateral,Sem Vítimas        ,Plena noite,Ceu Claro,Dupla   ,Urbano,Automóvel,Ileso       ,34.0,Masculino
531886,25/05/2009,RN,101,NATAL,Outras,Colisão lateral,Sem Vítimas        ,Plena noite,Ceu Claro,Dupla   ,Urbano,Automóvel,Ileso       ,26.0,Feminino
531916,25/05/2009,RN,101,NATAL,Falta de atenção,Colisão lateral,Sem Vítimas        ,Plena noite,Ceu Claro,Simples ,Urbano,Automóvel,Ileso       ,32.0,Feminino
531916,25/05/2009,RN,101,NATAL,Falta de atenção,Colisão lateral,Sem Vítimas        ,Plena noite,Ceu Claro,Simples ,Urbano,Ônibus,Ileso       ,26.0,Masculino
531991,25/05/2009,RN,110,AREIA BRANCA,Animais na Pista,Atropelamento de animal,Sem Vítimas        ,Anoitecer,Ceu Claro,Simples ,Rural ,Caminhonete,Ileso       ,55.0,Masculino
531998,25/05/2009,RN,101,NATAL,Não guardar distância de segurança,Colisão lateral,Sem Vítimas        ,Pleno dia,Ceu Claro,Dupla   ,Urbano,Ônibus,Ileso       ,30.0,Masculino
531998,25/05/2009,RN,101,NATAL,Não guardar distância de segurança,Colisão lateral,Sem Vítimas        ,Pleno dia,Ceu Claro,Dupla   ,Urbano,Caminhão,Ileso       ,27.0,Masculino
532048,23/05/2009,RN,304,MACAIBA,Não guardar distância de segurança,Colisão traseira,Sem Vítimas        ,Plena noite,Nublado,Dupla   ,Rural ,Automóvel,Ileso       ,-1.0,Masculino
532048,23/05/2009,RN,304,MACAIBA,Não guardar distância de segurança,Colisão traseira,Sem Vítimas        ,Plena noite,Nublado,Dupla   ,Rural ,Automóvel,Ileso       ,19.0,Masculino
532048,23/05/2009,RN,304,MACAIBA,Não guardar distância de segurança,Colisão traseira,Sem Vítimas        ,Plena noite,Nublado,Dupla   ,Rural ,Caminhão,Ileso       ,30.0,Masculino
532111,26/05/2009,RN,101,PARNAMIRIM,Outras,Colisão lateral,Sem Vítimas        ,Pleno dia,Chuva,Múltipla,Urbano,Automóvel,Ileso       ,23.0,Masculino
532111,26/05/2009,RN,101,PARNAMIRIM,Outras,Colisão lateral,Sem Vítimas        ,Pleno dia,Chuva,Múltipla,Urbano,Automóvel,Ileso       ,-1.0,Masculino
532136,22/05/2009,RN,101,PARNAMIRIM,Outras,Saída de Pista,Sem Vítimas        ,Plena noite,Chuva,Dupla   ,Rural ,Automóvel,Ileso       ,42.0,Masculino
532166,02/05/2009,RN,101,SAO JOSE DE MIPIBU,Falta de atenção,Colisão Transversal,Sem Vítimas        ,Pleno dia,Ceu Claro,Simples ,Urbano,Automóvel,Ileso       ,32.0,Inválido
532166,02/05/2009,RN,101,SAO JOSE DE MIPIBU,Falta de atenção,Colisão Transversal,Sem Vítimas        ,Pleno dia,Ceu Claro,Simples ,Urbano,Automóvel,Ileso       ,84.0,Masculino
532167,26/05/2009,RN,101,PARNAMIRIM,Não guardar distância de segurança,Colisão traseira,Com Vítimas Feridas,Pleno dia,Chuva,Dupla   ,Urbano,Automóvel,Ileso       ,-1.0,Masculino
532167,26/05/2009,RN,101,PARNAMIRIM,Não guardar distância de segurança,Colisão traseira,Com Vítimas Feridas,Pleno dia,Chuva,Dupla   ,Urbano,Motocicletas,Ferido Leve ,25.0,Masculino
532177,22/05/2009,RN,101,CANGUARETAMA,Falta de atenção,Colisão traseira,Sem Vítimas        ,Plena noite,Chuva,Simples ,Rural ,Automóvel,Ileso       ,40.0,Masculino
532177,22/05/2009,RN,101,CANGUARETAMA,Falta de atenção,Colisão traseira,Sem Vítimas        ,Plena noite,Chuva,Simples ,Rural ,Automóvel,Ileso       ,32.0,Masculino
532189,22/05/2009,RN,226,CAMPO REDONDO,Defeito na via,Colisão traseira,Sem Vítimas        ,Pleno dia,Chuva,Simples ,Rural ,Automóvel,Ileso       ,21.0,Masculino
532189,22/05/2009,RN,226,CAMPO REDONDO,Defeito na via,Colisão traseira,Sem Vítimas        ,Pleno dia,Chuva,Simples ,Rural ,Automóvel,Ileso       ,40.0,Masculino
532192,14/05/2009,RN,101,MAXARANGUAPE,Outras,Capotamento,Com Vítimas Feridas,Pleno dia,Ceu Claro,Simples ,Rural ,Automóvel,Ferido Grave,40.0,Masculino
532192,14/05/2009,RN,101,MAXARANGUAPE,Outras,Capotamento,Com Vítimas Feridas,Pleno dia,Ceu Claro,Simples ,Rural ,Automóvel,Ferido Grave,39.0,Masculino
532221,26/05/2009,RN,101,SAO GONCALO DO AMARANTE,Não guardar distância de segurança,Colisão traseira,Sem Vítimas        ,Pleno dia,Chuva,Dupla   ,Urbano,Automóvel,Ileso       ,40.0,Masculino
532221,26/05/2009,RN,101,SAO GONCALO DO AMARANTE,Não guardar distância de segurança,Colisão traseira,Sem Vítimas        ,Pleno dia,Chuva,Dupla   ,Urbano,Automóvel,Ileso       ,57.0,Masculino
532366,26/05/2009,RN,304,MOSSORO,Falta de atenção,Colisão traseira,Sem Vítimas        ,Plena noite,Nublado,Dupla   ,Urbano,Caminhão-Trator,Ileso       ,39.0,Masculino
532366,26/05/2009,RN,304,MOSSORO,Falta de atenção,Colisão traseira,Sem Vítimas        ,Plena noite,Nublado,Dupla   ,Urbano,Caminhonete,Ileso       ,33.0,Masculino
532366,26/05/2009,RN,304,MOSSORO,Falta de atenção,Colisão traseira,Sem Vítimas        ,Plena noite,Nublado,Dupla   ,Urbano,Automóvel,Ileso       ,27.0,Masculino
532409,26/05/2009,RN,101,PARNAMIRIM,Falta de atenção,Colisão traseira,Sem Vítimas        ,Pleno dia,Chuva,Dupla   ,Urbano,Automóvel,Ileso       ,56.0,Masculino
532409,26/05/2009,RN,101,PARNAMIRIM,Falta de atenção,Colisão traseira,Sem Vítimas        ,Pleno dia,Chuva,Dupla   ,Urbano,Automóvel,Ileso       ,40.0,Masculino
532409,26/05/2009,RN,101,PARNAMIRIM,Falta de atenção,Colisão traseira,Sem Vítimas        ,Pleno dia,Chuva,Dupla   ,Urbano,Motocicletas,Ileso       ,33.0,Masculino
532426,26/05/2009,RN,304,ASSU,Desobediência à sinalização,Colisão Transversal,Sem Vítimas        ,Plena noite,Nublado,Simples ,Urbano,Automóvel,Ileso       ,35.0,Masculino
532426,26/05/2009,RN,304,ASSU,Desobediência à sinalização,Colisão Transversal,Sem Vítimas        ,Plena noite,Nublado,Simples ,Urbano,Motocicletas,Ileso       ,41.0,Masculino
532474,19/05/2009,RN,101,PARNAMIRIM,Outras,Colisão lateral,Sem Vítimas        ,Pleno dia,Nublado,Dupla   ,Urbano,Caminhão-Trator,Ileso       ,42.0,Masculino
532474,19/05/2009,RN,101,PARNAMIRIM,Outras,Colisão lateral,Sem Vítimas        ,Pleno dia,Nublado,Dupla   ,Urbano,Automóvel,Ignorado    ,-1.0,Masculino
532501,27/05/2009,RN,304,MOSSORO,Falta de atenção,Colisão Transversal,Com Vítimas Feridas,Pleno dia,Sol,Dupla   ,Urbano,Ônibus,Ileso       ,39.0,Masculino
532501,27/05/2009,RN,304,MOSSORO,Falta de atenção,Colisão Transversal,Com Vítimas Feridas,Pleno dia,Sol,Dupla   ,Urbano,Ciclomotor,Ferido Leve ,24.0,Feminino
532522,22/05/2009,RN,101,NATAL,Não guardar distância de segurança,Colisão traseira,Sem Vítimas        ,Pleno dia,Nublado,Dupla   ,Urbano,Automóvel,Ileso       ,29.0,Masculino
532522,22/05/2009,RN,101,NATAL,Não guardar distância de segurança,Colisão traseira,Sem Vítimas        ,Pleno dia,Nublado,Dupla   ,Urbano,Automóvel,Ileso       ,26.0,Feminino
532522,22/05/2009,RN,101,NATAL,Não guardar distância de segurança,Colisão traseira,Sem Vítimas        ,Pleno dia,Nublado,Dupla   ,Urbano,Caminhonete,Ileso       ,31.0,Masculino
532522,22/05/2009,RN,101,NATAL,Não guardar distância de segurança,Colisão traseira,Sem Vítimas        ,Pleno dia,Nublado,Dupla   ,Urbano,Automóvel,Ileso       ,29.0,Masculino
532569,24/05/2009,RN,304,MACAIBA,Não guardar distância de segurança,Colisão traseira,Sem Vítimas        ,Plena noite,Nublado,Simples ,Urbano,Automóvel,Ileso       ,26.0,Feminino
532569,24/05/2009,RN,304,MACAIBA,Não guardar distância de segurança,Colisão traseira,Sem Vítimas        ,Plena noite,Nublado,Simples ,Urbano,Automóvel,Ileso       ,24.0,Masculino
532627,27/05/2009,RN,101,SAO GONCALO DO AMARANTE,Animais na Pista,Atropelamento de animal,Sem Vítimas        ,Pleno dia,Chuva,Dupla   ,Urbano,Automóvel,Ileso       ,37.0,Feminino
532672,25/05/2009,RN,101,PARNAMIRIM,Não guardar distância de segurança,Colisão traseira,Sem Vítimas        ,Pleno dia,Nublado,Dupla   ,Urbano,Automóvel,Ileso       ,28.0,Masculino
532672,25/05/2009,RN,101,PARNAMIRIM,Não guardar distância de segurança,Colisão traseira,Sem Vítimas        ,Pleno dia,Nublado,Dupla   ,Urbano,Automóvel,Ileso       ,57.0,Masculino
532672,25/05/2009,RN,101,PARNAMIRIM,Não guardar distância de segurança,Colisão traseira,Sem Vítimas        ,Pleno dia,Nublado,Dupla   ,Urbano,Automóvel,Ileso       ,34.0,Masculino
532672,25/05/2009,RN,101,PARNAMIRIM,Não guardar distância de segurança,Colisão traseira,Sem Vítimas        ,Pleno dia,Nublado,Dupla   ,Urbano,Caminhonete,Ileso       ,52.0,Masculino
532672,25/05/2009,RN,101,PARNAMIRIM,Não guardar distância de segurança,Colisão traseira,Sem Vítimas        ,Pleno dia,Nublado,Dupla   ,Urbano,Automóvel,Ileso       ,34.0,Masculino
532811,27/05/2009,RN,304,ANGICOS,Outras,Danos Eventuais,Sem Vítimas        ,Plena noite,Nublado,Simples ,Rural ,Caminhão,Ileso       ,44.0,Masculino
532811,27/05/2009,RN,304,ANGICOS,Outras,Danos Eventuais,Sem Vítimas        ,Plena noite,Nublado,Simples ,Rural ,Automóvel,Ileso       ,50.0,Masculino
532972,28/05/2009,RN,226,SENADOR ELOI DE SOUZA,Desobediência à sinalização,Colisão lateral,Com Vítimas Feridas,Pleno dia,Ceu Claro,Simples ,Rural ,Automóvel,Ileso       ,26.0,Masculino
532972,28/05/2009,RN,226,SENADOR ELOI DE SOUZA,Desobediência à sinalização,Colisão lateral,Com Vítimas Feridas,Pleno dia,Ceu Claro,Simples ,Rural ,Automóvel,Ferido Leve ,36.0,Masculino
532972,28/05/2009,RN,226,SENADOR ELOI DE SOUZA,Desobediência à sinalização,Colisão lateral,Com Vítimas Feridas,Pleno dia,Ceu Claro,Simples ,Rural ,Camioneta,Ignorado    ,-1.0,Inválido
533057,28/05/2009,RN,427,ACARI,Defeito mecânico em veículo,Incêndio,Sem Vítimas        ,Pleno dia,Ceu Claro,Simples ,Rural ,Automóvel,Ileso       ,34.0,Masculino
533071,26/05/2009,RN,226,MACAIBA,Falta de atenção,Capotamento,Com Vítimas Feridas,Pleno dia,Nublado,Simples ,Urbano,Automóvel,Ferido Leve ,32.0,Masculino
533164,28/05/2009,RN,405,MOSSORO,Falta de atenção,Colisão frontal,Com Vítimas Feridas,Pleno dia,Nublado,Dupla   ,Urbano,Caminhonete,Ileso       ,22.0,Masculino
533164,28/05/2009,RN,405,MOSSORO,Falta de atenção,Colisão frontal,Com Vítimas Feridas,Pleno dia,Nublado,Dupla   ,Urbano,Automóvel,Ferido Leve ,53.0,Masculino
533164,28/05/2009,RN,405,MOSSORO,Falta de atenção,Colisão frontal,Com Vítimas Feridas,Pleno dia,Nublado,Dupla   ,Urbano,Caminhonete,Ileso       ,24.0,Masculino
533288,28/05/2009,RN,101,PARNAMIRIM,Não guardar distância de segurança,Colisão traseira,Sem Vítimas        ,Pleno dia,Nublado,Dupla   ,Urbano,Automóvel,Ileso       ,40.0,Masculino
533288,28/05/2009,RN,101,PARNAMIRIM,Não guardar distância de segurança,Colisão traseira,Sem Vítimas        ,Pleno dia,Nublado,Dupla   ,Urbano,Automóvel,Ileso       ,61.0,Masculino
533314,28/05/2009,RN,304,ITAJA,Defeito na via,Saída de Pista,Com Vítimas Feridas,Pleno dia,Ceu Claro,Simples ,Rural ,Automóvel,Ferido Leve ,25.0,Masculino
533412,25/05/2009,RN,101,NATAL,Falta de atenção,Colisão lateral,Sem Vítimas        ,Pleno dia,Ceu Claro,Dupla   ,Urbano,Ônibus,Ileso       ,26.0,Masculino
533412,25/05/2009,RN,101,NATAL,Falta de atenção,Colisão lateral,Sem Vítimas        ,Pleno dia,Ceu Claro,Dupla   ,Urbano,Automóvel,Ileso       ,53.0,Masculino
533446,26/05/2009,RN,101,PARNAMIRIM,Dormindo,Colisão traseira,Sem Vítimas        ,Pleno dia,Nublado,Dupla   ,Urbano,Automóvel,Ileso       ,52.0,Masculino
533446,26/05/2009,RN,101,PARNAMIRIM,Dormindo,Colisão traseira,Sem Vítimas        ,Pleno dia,Nublado,Dupla   ,Urbano,Microônibus,Ileso       ,49.0,Masculino
533523,29/05/2009,RN,304,MACAIBA,Defeito na via,Capotamento,Com Vítimas Feridas,Pleno dia,Sol,Simples ,Rural ,Caminhonete,Ileso       ,23.0,Masculino
533523,29/05/2009,RN,304,MACAIBA,Defeito na via,Capotamento,Com Vítimas Feridas,Pleno dia,Sol,Simples ,Rural ,Caminhonete,Ferido Leve ,67.0,Masculino
533532,26/05/2009,RN,101,SAO GONCALO DO AMARANTE,Falta de atenção,Colisão traseira,Com Vítimas Feridas,Pleno dia,Chuva,Dupla   ,Urbano,Automóvel,Ileso       ,-1.0,Masculino
533532,26/05/2009,RN,101,SAO GONCALO DO AMARANTE,Falta de atenção,Colisão traseira,Com Vítimas Feridas,Pleno dia,Chuva,Dupla   ,Urbano,Camioneta,Ileso       ,-1.0,Masculino