id,data_inversa,uf,br,municipio,causa_acidente,tipo_acidente,classificacao_acidente,fase_dia,condicao_metereologica,tipo_pista,uso_solo,tipo_veiculo,estado_fisico,idade,sexo
545072,21/06/2009,RN,101,NATAL,Outras,Saída de Pista,Com Vítimas Feridas,Pleno dia,Nublado,Simples ,Rural ,Automóvel,Ferido Grave,26.0,Feminino
545072,21/06/2009,RN,101,NATAL,Outras,Saída de Pista,Com Vítimas Feridas,Pleno dia,Nublado,Simples ,Rural ,Automóvel,Ferido Leve ,21.0,Masculino
545072,21/06/2009,RN,101,NATAL,Outras,Saída de Pista,Com Vítimas Feridas,Pleno dia,Nublado,Simples ,Rural ,Automóvel,Ferido Grave,33.0,Feminino
545276,26/05/2009,RN,110,MOSSORO,Falta de atenção,Colisão Transversal,Com Vítimas Feridas,Pleno dia,Ceu Claro,Simples ,Urbano,Motocicletas,Ferido Leve ,47.0,Masculino
545276,26/05/2009,RN,110,MOSSORO,Falta de atenção,Colisão Transversal,Com Vítimas Feridas,Pleno dia,Ceu Claro,Simples ,Urbano,Automóvel,Ileso       ,29.0,Masculino
545314,12/06/2009,RN,101,NATAL,Outras,Colisão traseira,Sem Vítimas        ,Pleno dia,Nublado,Simples ,Urbano,Automóvel,Ileso       ,26.0,Masculino
545314,12/06/2009,RN,101,NATAL,Outras,Colisão traseira,Sem Vítimas        ,Pleno dia,Nublado,Simples ,Urbano,Ônibus,Ileso       ,41.0,Masculino
545488,25/06/2009,RN,101,SAO GONCALO DO AMARANTE,Falta de atenção,Colisão traseira,Sem Vítimas        ,Pleno dia,Sol,Dupla   ,Urbano,Camioneta,Ileso       ,51.0,Masculino
545488,25/06/2009,RN,101,SAO GONCALO DO AMARANTE,Falta de atenção,Colisão traseira,Sem Vítimas        ,Pleno dia,Sol,Dupla   ,Urbano,Automóvel,Ileso       ,-1.0,Masculino
545636,17/06/2009,RN,101,NATAL,Outras,Colisão traseira,Sem Vítimas        ,Pleno dia,Ceu Claro,Dupla   ,Urbano,Automóvel,Ileso       ,26.0,Feminino
545636,17/06/2009,RN,101,NATAL,Outras,Colisão traseira,Sem Vítimas        ,Pleno dia,Ceu Claro,Dupla   ,Urbano,Automóvel,Ileso       ,59.0,Masculino
545670,25/06/2009,RN,304,MOSSORO,Defeito na via,Queda de motocicleta / bicicleta / veículo,Com Vítimas Feridas,Plena noite,Chuva,Simples ,Urbano,Motoneta,Ferido Leve ,-1.0,Feminino
545670,25/06/2009,RN,304,MOSSORO,Defeito na via,Queda de motocicleta / bicicleta / veículo,Com Vítimas Feridas,Plena noite,Chuva,Simples ,Urbano,Motoneta,Ferido Leve ,-1.0,Masculino
545676,25/06/2009,RN,304,MOSSORO,Outras,Atropelamento de animal,Sem Vítimas        ,Plena noite,Chuva,Simples ,Urbano,Automóvel,Ileso       ,23.0,Masculino
545884,19/06/2009,RN,101,NATAL,Outras,Colisão traseira,Sem Vítimas        ,Pleno dia,Ceu Claro,Dupla   ,Urbano,Caminhão,Ileso       ,21.0,Masculino
545884,19/06/2009,RN,101,NATAL,Outras,Colisão traseira,Sem Vítimas        ,Pleno dia,Ceu Claro,Dupla   ,Urbano,Automóvel,Ileso       ,57.0,Masculino
545912,26/06/2009,RN,101,NATAL,Falta de atenção,Colisão lateral,Sem Vítimas        ,Pleno dia,Sol,Dupla   ,Urbano,Ônibus,Ileso       ,44.0,Masculino
545912,26/06/2009,RN,101,NATAL,Falta de atenção,Colisão lateral,Sem Vítimas        ,Pleno dia,Sol,Dupla   ,Urbano,Automóvel,Ileso       ,28.0,Feminino
545919,19/06/2009,RN,101,NATAL,Não guardar distância de segurança,Colisão traseira,Sem Vítimas        ,Pleno dia,Chuva,Dupla   ,Urbano,Caminhonete,Ileso       ,26.0,Masculino
545919,19/06/2009,RN,101,NATAL,Não guardar distância de segurança,Colisão traseira,Sem Vítimas        ,Pleno dia,Chuva,Dupla   ,Urbano,Caminhonete,Ileso       ,20.0,Masculino
545923,20/06/2009,RN,101,NATAL,Outras,Colisão lateral,Sem Vítimas        ,Pleno dia,Sol,Múltipla,Urbano,Ônibus,Ignorado    ,-1.0,Inválido
545923,20/06/2009,RN,101,NATAL,Outras,Colisão lateral,Sem Vítimas        ,Pleno dia,Sol,Múltipla,Urbano,Automóvel,Ileso       ,48.0,Masculino
545930,23/06/2009,RN,101,NATAL,Não guardar distância de segurança,Colisão traseira,Sem Vítimas        ,Pleno dia,Chuva,Dupla   ,Urbano,Automóvel,Ileso       ,33.0,Feminino
545930,23/06/2009,RN,101,NATAL,Não guardar distância de segurança,Colisão traseira,Sem Vítimas        ,Pleno dia,Chuva,Dupla   ,Urbano,Caminhão,Ileso       ,42.0,Masculino
545938,20/06/2009,RN,101,SAO JOSE DE MIPIBU,Falta de atenção,Colisão lateral,Com Vítimas Feridas,Pleno dia,Sol,Simples ,Rural ,Caminhonete,Ileso       ,19.0,Masculino
545938,20/06/2009,RN,101,SAO JOSE DE MIPIBU,Falta de atenção,Colisão lateral,Com Vítimas Feridas,Pleno dia,Sol,Simples ,Rural ,Motocicletas,Ferido Leve ,27.0,Masculino
545938,20/06/2009,RN,101,SAO JOSE DE MIPIBU,Falta de atenção,Colisão lateral,Com Vítimas Feridas,Pleno dia,Sol,Simples ,Rural ,Motocicletas,Ferido Leve ,23.0,Masculino
545988,26/06/2009,RN,101,GOIANINHA,Falta de atenção,Colisão traseira,Sem Vítimas        ,Pleno dia,Ceu Claro,Simples ,Urbano,Automóvel,Ileso       ,55.0,Masculino
545988,26/06/2009,RN,101,GOIANINHA,Falta de atenção,Colisão traseira,Sem Vítimas        ,Pleno dia,Ceu Claro,Simples ,Urbano,Automóvel,Ileso       ,48.0,Masculino
546005,26/06/2009,RN,101,SAO GONCALO DO AMARANTE,Outras,Colisão lateral,Com Vítimas Feridas,Plena noite,Ceu Claro,Simples ,Urbano,Motocicletas,Ferido Leve ,20.0,Feminino
546005,26/06/2009,RN,101,SAO GONCALO DO AMARANTE,Outras,Colisão lateral,Com Vítimas Feridas,Plena noite,Ceu Claro,Simples ,Urbano,Automóvel,Ileso       ,35.0,Masculino
546093,26/06/2009,RN,101,SAO JOSE DE MIPIBU,Defeito na via,Queda de motocicleta / bicicleta / veículo,Com Vítimas Feridas,Plena noite,Ceu Claro,Simples ,Urbano,Motocicletas,Ferido Leve ,27.0,Masculino
546093,26/06/2009,RN,101,SAO JOSE DE MIPIBU,Defeito na via,Queda de motocicleta / bicicleta / veículo,Com Vítimas Feridas,Plena noite,Ceu Claro,Simples ,Urbano,Motocicletas,Ferido Leve ,34.0,Feminino
546101,26/06/2009,RN,101,SAO GONCALO DO AMARANTE,Defeito mecânico em veículo,Derramamento de Carga,Sem Vítimas        ,Plena noite,Ceu Claro,Dupla   ,Urbano,Caminhão,Ileso       ,40.0,Masculino
546101,26/06/2009,RN,101,SAO GONCALO DO AMARANTE,Defeito mecânico em veículo,Derramamento de Carga,Sem Vítimas        ,Plena noite,Ceu Claro,Dupla   ,Urbano,Automóvel,Ileso       ,-1.0,Masculino
546101,26/06/2009,RN,101,SAO GONCALO DO AMARANTE,Defeito mecânico em veículo,Derramamento de Carga,Sem Vítimas        ,Plena noite,Ceu Claro,Dupla   ,Urbano,Automóvel,Ileso       ,-1.0,Masculino
546101,26/06/2009,RN,101,SAO GONCALO DO AMARANTE,Defeito mecânico em veículo,Derramamento de Carga,Sem Vítimas        ,Plena noite,Ceu Claro,Dupla   ,Urbano,Automóvel,Ileso       ,-1.0,Masculino
546121,26/06/2009,RN,304,ASSU,Falta de atenção,Capotamento,Com Vítimas Feridas,Pleno dia,Sol,Simples ,Rural ,Automóvel,Ileso       ,31.0,Feminino
546121,26/06/2009,RN,304,ASSU,Falta de atenção,Capotamento,Com Vítimas Feridas,Pleno dia,Sol,Simples ,Rural ,Automóvel,Ferido Leve ,55.0,Feminino
546121,26/06/2009,RN,304,ASSU,Falta de atenção,Capotamento,Com Vítimas Feridas,Pleno dia,Sol,Simples ,Rural ,Automóvel,Ferido Leve ,49.0,Feminino
546121,26/06/2009,RN,304,ASSU,Falta de atenção,Capotamento,Com Vítimas Feridas,Pleno dia,Sol,Simples ,Rural ,Automóvel,Ferido Leve ,5.0,Feminino
546121,26/06/2009,RN,304,ASSU,Falta de atenção,Capotamento,Com Vítimas Feridas,Pleno dia,Sol,Simples ,Rural ,Automóvel,Ileso       ,1.0,Masculino
546141,26/06/2009,RN,226,TANGARA,Outras,Colisão frontal,Sem Vítimas        ,Plena noite,Ceu Claro,Simples ,Rural ,Automóvel,Ileso       ,43.0,Masculino
546141,26/06/2009,RN,226,TANGARA,Outras,Colisão frontal,Sem Vítimas        ,Plena noite,Ceu Claro,Simples ,Rural ,Automóvel,Ileso       ,25.0,Masculino
546147,26/06/2009,RN,304,MOSSORO,Outras,Queda de motocicleta / bicicleta / veículo,Com Vítimas Feridas,Plena noite,Ceu Claro,Simples ,Urbano,Motoneta,Ferido Leve ,21.0,Masculino
546147,26/06/2009,RN,304,MOSSORO,Outras,Queda de motocicleta / bicicleta / veículo,Com Vítimas Feridas,Plena noite,Ceu Claro,Simples ,Urbano,Motoneta,Ferido Leve ,-1.0,Feminino
546151,26/06/2009,RN,304,MOSSORO,Não guardar distância de segurança,Colisão traseira,Com Vítimas Feridas,Plena noite,Ceu Claro,Simples ,Rural ,Motocicletas,Ferido Leve ,16.0,Masculino
546151,26/06/2009,RN,304,MOSSORO,Não guardar distância de segurança,Colisão traseira,Com Vítimas Feridas,Plena noite,Ceu Claro,Simples ,Rural ,Não identificado,Ignorado    ,-1.0,Inválido
546178,20/06/2009,RN,101,SAO JOSE DE MIPIBU,Outras,Saída de Pista,Com Vítimas Feridas,Plena noite,Ceu Claro,Simples ,Rural ,Automóvel,Ferido Leve ,28.0,Masculino
546197,26/06/2009,RN,304,MOSSORO,Falta de atenção,Capotamento,Com Vítimas Feridas,Anoitecer,Nublado,Simples ,Rural ,Automóvel,Ferido Leve ,52.0,Masculino
546320,27/06/2009,RN,101,SAO GONCALO DO AMARANTE,Falta de atenção,Colisão traseira,Sem Vítimas        ,Pleno dia,Ceu Claro,Dupla   ,Urbano,Automóvel,Ileso       ,41.0,Masculino
546320,27/06/2009,RN,101,SAO GONCALO DO AMARANTE,Falta de atenção,Colisão traseira,Sem Vítimas        ,Pleno dia,Ceu Claro,Dupla   ,Urbano,Automóvel,Ileso       ,48.0,Masculino
546320,27/06/2009,RN,101,SAO GONCALO DO AMARANTE,Falta de atenção,Colisão traseira,Sem Vítimas        ,Pleno dia,Ceu Claro,Dupla   ,Urbano,Automóvel,Ileso       ,25.0,Masculino
546342,19/06/2009,RN,101,NATAL,Falta de atenção,Colisão traseira,Sem Vítimas        ,Plena noite,Ceu Claro,Múltipla,Urbano,Automóvel,Ileso       ,48.0,Masculino
546342,19/06/2009,RN,101,NATAL,Falta de atenção,Colisão traseira,Sem Vítimas        ,Plena noite,Ceu Claro,Múltipla,Urbano,Automóvel,Ileso       ,20.0,Masculino
546388,22/06/2009,RN,101,NATAL,Falta de atenção,Colisão traseira,Sem Vítimas        ,Plena noite,Ceu Claro,Dupla   ,Urbano,Automóvel,Ileso       ,51.0,Feminino
546388,22/06/2009,RN,101,NATAL,Falta de atenção,Colisão traseira,Sem Vítimas        ,Plena noite,Ceu Claro,Dupla   ,Urbano,Ônibus,Ileso       ,44.0,Masculino
546434,27/06/2009,RN,101,PARNAMIRIM,Ingestão de álcool,Colisão traseira,Sem Vítimas        ,Pleno dia,Ceu Claro,Dupla   ,Urbano,Automóvel,Ileso       ,31.0,Masculino
546434,27/06/2009,RN,101,PARNAMIRIM,Ingestão de álcool,Colisão traseira,Sem Vítimas        ,Pleno dia,Ceu Claro,Dupla   ,Urbano,Automóvel,Ileso       ,43.0,Masculino
546645,27/06/2009,RN,304,MACAIBA,Animais na Pista,Atropelamento de animal,Sem Vítimas        ,Plena noite,Ceu Claro,Dupla   ,Rural ,Caminhão,Ileso       ,30.0,Masculino
546673,20/06/2009,RN,101,PARNAMIRIM,Desobediência à sinalização,Colisão lateral,Sem Vítimas        ,Pleno dia,Ceu Claro,Dupla   ,Urbano,Automóvel,Ignorado    ,-1.0,Masculino
546673,20/06/2009,RN,101,PARNAMIRIM,Desobediência à sinalização,Colisão lateral,Sem Vítimas        ,Pleno dia,Ceu Claro,Dupla   ,Urbano,Caminhonete,Ileso       ,30.0,Masculino
546686,20/06/2009,RN,101,PARNAMIRIM,Não guardar distância de segurança,Colisão traseira,Com Vítimas Feridas,Plena noite,Ceu Claro,Múltipla,Urbano,Motocicletas,Ferido Grave,25.0,Masculino
546686,20/06/2009,RN,101,PARNAMIRIM,Não guardar distância de segurança,Colisão traseira,Com Vítimas Feridas,Plena noite,Ceu Claro,Múltipla,Urbano,Caminhonete,Ileso       ,33.0,Masculino
546686,20/06/2009,RN,101,PARNAMIRIM,Não guardar distância de segurança,Colisão traseira,Com Vítimas Feridas,Plena noite,Ceu Claro,Múltipla,Urbano,Automóvel,Ileso       ,42.0,Masculino
546686,20/06/2009,RN,101,PARNAMIRIM,Não guardar distância de segurança,Colisão traseira,Com Vítimas Feridas,Plena noite,Ceu Claro,Múltipla,Urbano,Automóvel,Ileso       ,38.0,Masculino
546689,22/06/2009,RN,304,LAJES,Velocidade incompatível,Colisão lateral,Sem Vítimas        ,Anoitecer,Chuva,Simples ,Rural ,Caminhão-Trator,Ileso       ,50.0,Masculino
546689,22/06/2009,RN,304,LAJES,Velocidade incompatível,Colisão lateral,Sem Vítimas        ,Anoitecer,Chuva,Simples ,Rural ,Automóvel,Ileso       ,42.0,Masculino
546689,22/06/2009,RN,304,LAJES,Velocidade incompatível,Colisão lateral,Sem Vítimas        ,Anoitecer,Chuva,Simples ,Rural ,Caminhonete,Ileso       ,50.0,Masculino
546698,28/06/2009,RN,304,ITAJA,Ultrapassagem indevida,Colisão frontal,Com Vítimas Feridas,Amanhecer,Nublado,Simples ,Rural ,Automóvel,Ileso       ,45.0,Masculino
546698,28/06/2009,RN,304,ITAJA,Ultrapassagem indevida,Colisão frontal,Com Vítimas Feridas,Amanhecer,Nublado,Simples ,Rural ,Automóvel,Ferido Leve ,33.0,Masculino
546698,28/06/2009,RN,304,ITAJA,Ultrapassagem indevida,Colisão frontal,Com Vítimas Feridas,Amanhecer,Nublado,Simples ,Rural ,Não identificado,Ignorado    ,-1.0,Inválido
546711,24/06/2009,RN,101,SAO JOSE DE MIPIBU,Outras,Capotamento,Sem Vítimas        ,Plena noite,Nublado,Simples ,Urbano,Automóvel,Ileso       ,30.0,Masculino
546727,24/06/2009,RN,101,SAO JOSE DE MIPIBU,Velocidade incompatível,Colisão Transversal,Com Vítimas Feridas,Pleno dia,Ceu Claro,Simples ,Urbano,Automóvel,Ferido Leve ,21.0,Masculino
546727,24/06/2009,RN,101,SAO JOSE DE MIPIBU,Velocidade incompatível,Colisão Transversal,Com Vítimas Feridas,Pleno dia,Ceu Claro,Simples ,Urbano,Caminhão,Ileso       ,53.0,Masculino
546754,24/06/2009,RN,101,NATAL,Não guardar distância de segurança,Colisão traseira,Sem Vítimas        ,Pleno dia,Sol,Simples ,Urbano,Automóvel,Ileso       ,23.0,Masculino
546754,24/06/2009,RN,101,NATAL,Não guardar distância de segurança,Colisão traseira,Sem Vítimas        ,Pleno dia,Sol,Simples ,Urbano,Automóvel,Ileso       ,53.0,Masculino
546759,24/06/2009,RN,101,PARNAMIRIM,Outras,Colisão lateral,Sem Vítimas        ,Plena noite,Ceu Claro,Múltipla,Urbano,Caminhão,Ileso       ,41.0,Masculino
546759,24/06/2009,RN,101,PARNAMIRIM,Outras,Colisão lateral,Sem Vítimas        ,Plena noite,Ceu Claro,Múltipla,Urbano,Automóvel,Ileso       ,25.0,Feminino
546835,28/06/2009,RN,101,SAO GONCALO DO AMARANTE,Outras,Colisão traseira,Sem Vítimas        ,Anoitecer,Ceu Claro,Dupla   ,Urbano,Motocicletas,Ileso       ,24.0,Masculino
546835,28/06/2009,RN,101,SAO GONCALO DO AMARANTE,Outras,Colisão traseira,Sem Vítimas        ,Anoitecer,Ceu Claro,Dupla   ,Urbano,Motocicletas,Ileso       ,31.0,Masculino
546857,28/06/2009,RN,406,SAO GONCALO DO AMARANTE,Outras,Saída de Pista,Com Vítimas Feridas,Plena noite,Ceu Claro,Simples ,Rural ,Automóvel,Ileso       ,-1.0,Masculino
546857,28/06/2009,RN,406,SAO GONCALO DO AMARANTE,Outras,Saída de Pista,Com Vítimas Feridas,Plena noite,Ceu Claro,Simples ,Rural ,Automóvel,Ferido Grave,33.0,Masculino
546859,28/06/2009,RN,427,JARDIM DO SERIDO,Outras,Saída de Pista,Sem Vítimas        ,Plena noite,Ceu Claro,Simples ,Urbano,Ônibus,Ileso       ,43.0,Masculino
546859,28/06/2009,RN,427,JARDIM DO SERIDO,Outras,Saída de Pista,Sem Vítimas        ,Plena noite,Ceu Claro,Simples ,Urbano,Automóvel,Ignorado    ,-1.0,Inválido
546862,26/06/2009,RN,101,PARNAMIRIM,Outras,Colisão traseira,Sem Vítimas        ,Plena noite,Nublado,Dupla   ,Urbano,Caminhonete,Ileso       ,43.0,Masculino
546862,26/06/2009,RN,101,PARNAMIRIM,Outras,Colisão traseira,Sem Vítimas        ,Plena noite,Nublado,Dupla   ,Urbano,Automóvel,Ileso       ,48.0,Masculino
546937,28/06/2009,RN,304,RIACHUELO,Defeito na via,Colisão Transversal,Com Vítimas Fatais ,Plena noite,Ceu Claro,Simples ,Rural ,Caminhão-Trator,Ileso       ,35.0,Masculino
546937,28/06/2009,RN,304,RIACHUELO,Defeito na via,Colisão Transversal,Com Vítimas Fatais ,Plena noite,Ceu Claro,Simples ,Rural ,Motocicletas,Morto       ,48.0,Masculino
546939,28/06/2009,RN,304,RIACHUELO,Animais na Pista,Atropelamento de animal,Sem Vítimas        ,Plena noite,Ceu Claro,Simples ,Rural ,Camioneta,Ileso       ,46.0,Masculino
547109,25/06/2009,RN,101,NATAL,Falta de atenção,Colisão lateral,Sem Vítimas        ,Plena noite,Nublado,Dupla   ,Urbano,Caminhonete,Ileso       ,-1.0,Inválido
547109,25/06/2009,RN,101,NATAL,Falta de atenção,Colisão lateral,Sem Vítimas        ,Plena noite,Nublado,Dupla   ,Urbano,Ônibus,Ileso       ,44.0,Masculino
547133,25/06/2009,RN,101,NATAL,Falta de atenção,Colisão traseira,Sem Vítimas        ,Plena noite,Nublado,Dupla   ,Urbano,Automóvel,Ileso       ,34.0,Masculino
547133,25/06/2009,RN,101,NATAL,Falta de atenção,Colisão traseira,Sem Vítimas        ,Plena noite,Nublado,Dupla   ,Urbano,Automóvel,Ileso       ,33.0,Masculino
547133,25/06/2009,RN,101,NATAL,Falta de atenção,Colisão traseira,Sem Vítimas        ,Plena noite,Nublado,Dupla   ,Urbano,Camioneta,Ileso       ,39.0,Masculino
547133,25/06/2009,RN,101,NATAL,Falta de atenção,Colisão traseira,Sem Vítimas        ,Plena noite,Nublado,Dupla   ,Urbano,Automóvel,Ileso       ,25.0,Feminino
547133,25/06/2009,RN,101,NATAL,Falta de atenção,Colisão traseira,Sem Vítimas        ,Plena noite,Nublado,Dupla   ,Urbano,Automóvel,Ignorado    ,-1.0,Inválido
547142,25/06/2009,RN,304,IPANGUACU,Dormindo,Capotamento,Com Vítimas Feridas,Plena noite,Ceu Claro,Simples ,Rural ,Caminhão,Ferido Grave,23.0,Masculino
547271,29/06/2009,RN,101,NATAL,Não guardar distância de segurança,Colisão traseira,Sem Vítimas        ,Pleno dia,Ceu Claro,Dupla   ,Urbano,Caminhonete,Ileso       ,46.0,Masculino
547271,29/06/2009,RN,101,NATAL,Não guardar distância de segurança,Colisão traseira,Sem Vítimas        ,Pleno dia,Ceu Claro,Dupla   ,Urbano,Automóvel,Ileso       ,-1.0,Inválido
547356,25/06/2009,RN,110,MOSSORO,Falta de atenção,Colisão traseira,Sem Vítimas        ,Plena noite,Chuva,Simples ,Urbano,Automóvel,Ileso       ,32.0,Masculino
547356,25/06/2009,RN,110,MOSSORO,Falta de atenção,Colisão traseira,Sem Vítimas        ,Plena noite,Chuva,Simples ,Urbano,Automóvel,Ileso       ,54.0,Masculino
547364,27/06/2009,RN,101,PARNAMIRIM,Outras,Danos Eventuais,Sem Vítimas        ,Plena noite,Chuva,Dupla   ,Urbano,Automóvel,Ileso       ,32.0,Masculino
547388,29/06/2009,RN,101,NATAL,Não guardar distância de segurança,Colisão traseira,Sem Vítimas        ,Plena noite,Ceu Claro,Dupla   ,Urbano,Automóvel,Ileso       ,50.0,Masculino
547388,29/06/2009,RN,101,NATAL,Não guardar distância de segurança,Colisão traseira,Sem Vítimas        ,Plena noite,Ceu Claro,Dupla   ,Urbano,Caminhonete,Ileso       ,38.0,Masculino
547388,29/06/2009,RN,101,NATAL,Não guardar distância de segurança,Colisão traseira,Sem Vítimas        ,Plena noite,Ceu Claro,Dupla   ,Urbano,Automóvel,Ileso       ,40.0,Masculino
547415,29/06/2009,RN,304,MOSSORO,Falta de atenção,Colisão Transversal,Sem Vítimas        ,Pleno dia,Ceu Claro,Simples ,Urbano,Ônibus,Ileso       ,33.0,Masculino
547415,29/06/2009,RN,304,MOSSORO,Falta de atenção,Colisão Transversal,Sem Vítimas        ,Pleno dia,Ceu Claro,Simples ,Urbano,Motocicletas,Ileso       ,23.0,Masculino
547415,29/06/2009,RN,304,MOSSORO,Falta de atenção,Colisão Transversal,Sem Vítimas        ,Pleno dia,Ceu Claro,Simples ,Urbano,Motocicletas,Ileso       ,-1.0,Feminino
547452,29/06/2009,RN,101,NATAL,Falta de atenção,Colisão Transversal,Sem Vítimas        ,Pleno dia,Ceu Claro,Dupla   ,Urbano,Automóvel,Ileso       ,59.0,Masculino
547452,29/06/2009,RN,101,NATAL,Falta de atenção,Colisão Transversal,Sem Vítimas        ,Pleno dia,Ceu Claro,Dupla   ,Urbano,Caminhonete,Ileso       ,-1.0,Inválido
547563,29/06/2009,RN,101,PARNAMIRIM,Desobediência à sinalização,Colisão Transversal,Com Vítimas Feridas,Plena noite,Nublado,Dupla   ,Urbano,Automóvel,Ileso       ,23.0,Masculino
547563,29/06/2009,RN,101,PARNAMIRIM,Desobediência à sinalização,Colisão Transversal,Com Vítimas Feridas,Plena noite,Nublado,Dupla   ,Urbano,Motocicletas,Ferido Leve ,27.0,Masculino
547630,26/06/2009,RN,304,MOSSORO,Falta de atenção,Colisão Transversal,Com Vítimas Feridas,Plena noite,Ceu Claro,Simples ,Urbano,Automóvel,Ileso       ,31.0,Masculino
547630,26/06/2009,RN,304,MOSSORO,Falta de atenção,Colisão Transversal,Com Vítimas Feridas,Plena noite,Ceu Claro,Simples ,Urbano,Motocicletas,Ferido Grave,49.0,Masculino
547630,26/06/2009,RN,304,MOSSORO,Falta de atenção,Colisão Transversal,Com Vítimas Feridas,Plena noite,Ceu Claro,Simples ,Urbano,Motocicletas,Ferido Leve ,48.0,Feminino
547712,29/06/2009,RN,304,ASSU,Outras,Capotamento,Com Vítimas Feridas,Pleno dia,Chuva,Simples ,Rural ,Caminhonete,Ignorado    ,-1.0,Masculino
547712,29/06/2009,RN,304,ASSU,Outras,Capotamento,Com Vítimas Feridas,Pleno dia,Chuva,Simples ,Rural ,Caminhonete,Ferido Leve ,20.0,Masculino
547838,30/06/2009,RN,101,NATAL,Falta de atenção,Colisão traseira,Sem Vítimas        ,Plena noite,Ignorada,Múltipla,Urbano,Automóvel,Ignorado    ,-1.0,Inválido
547838,30/06/2009,RN,101,NATAL,Falta de atenção,Colisão traseira,Sem Vítimas        ,Plena noite,Ignorada,Múltipla,Urbano,Automóvel,Ileso       ,31.0,Masculino
547838,30/06/2009,RN,101,NATAL,Falta de atenção,Colisão traseira,Sem Vítimas        ,Plena noite,Ignorada,Múltipla,Urbano,Automóvel,Ileso       ,26.0,Masculino
547926,22/06/2009,RN,304,ANGICOS,Outras,Tombamento,Com Vítimas Feridas,Pleno dia,Sol,Simples ,Rural ,Caminhão,Ferido Leve ,32.0,Masculino
547933,27/06/2009,RN,101,SAO JOSE DE MIPIBU,Não guardar distância de segurança,Colisão traseira,Sem Vítimas        ,Pleno dia,Ceu Claro,Simples ,Rural ,Camioneta,Ileso       ,73.0,Masculino
547933,27/06/2009,RN,101,SAO JOSE DE MIPIBU,Não guardar distância de segurança,Colisão traseira,Sem Vítimas        ,Pleno dia,Ceu Claro,Simples ,Rural ,Automóvel,Ignorado    ,-1.0,Masculino
547941,02/06/2009,RN,101,NATAL,Falta de atenção,Queda de motocicleta / bicicleta / veículo,Com Vítimas Feridas,Pleno dia,Nublado,Dupla   ,Urbano,Ônibus,Ignorado    ,-1.0,Inválido
547941,02/06/2009,RN,101,NATAL,Falta de atenção,Queda de motocicleta / bicicleta / veículo,Com Vítimas Feridas,Pleno dia,Nublado,Dupla   ,Urbano,Motocicletas,Ferido Grave,36.0,Masculino
547956,19/06/2009,RN,304,MACAIBA,Falta de atenção,Colisão lateral,Sem Vítimas        ,Pleno dia,Sol,Simples ,Rural ,Automóvel,Ileso       ,26.0,Feminino
547956,19/06/2009,RN,304,MACAIBA,Falta de atenção,Colisão lateral,Sem Vítimas        ,Pleno dia,Sol,Simples ,Rural ,Camioneta,Ileso       ,61.0,Masculino
547972,28/06/2009,RN,101,PARNAMIRIM,Outras,Colisão Transversal,Com Vítimas Feridas,Plena noite,Ceu Claro,Dupla   ,Urbano,Automóvel,Ileso       ,23.0,Masculino
547972,28/06/2009,RN,101,PARNAMIRIM,Outras,Colisão Transversal,Com Vítimas Feridas,Plena noite,Ceu Claro,Dupla   ,Urbano,Automóvel,Ignorado    ,-1.0,Masculino
547972,28/06/2009,RN,101,PARNAMIRIM,Outras,Colisão Transversal,Com Vítimas Feridas,Plena noite,Ceu Claro,Dupla   ,Urbano,Automóvel,Ferido Grave,32.0,Feminino
547972,28/06/2009,RN,101,PARNAMIRIM,Outras,Colisão Transversal,Com Vítimas Feridas,Plena noite,Ceu Claro,Dupla   ,Urbano,Automóvel,Ferido Grave,34.0,Feminino
547984,30/06/2009,RN,101,NATAL,Não guardar distância de segurança,Colisão traseira,Sem Vítimas        ,Pleno dia,Ceu Claro,Dupla   ,Urbano,Caminhonete,Ileso       ,46.0,Masculino
547984,30/06/2009,RN,101,NATAL,Não guardar distância de segurança,Colisão traseira,Sem Vítimas        ,Pleno dia,Ceu Claro,Dupla   ,Urbano,Camioneta,Ileso       ,43.0,Masculino
547984,30/06/2009,RN,101,NATAL,Não guardar distância de segurança,Colisão traseira,Sem Vítimas        ,Pleno dia,Ceu Claro,Dupla   ,Urbano,Caminhonete,Ileso       ,27.0,Masculino
547995,01/07/2009,RN,110,MOSSORO,Falta de atenção,Atropelamento de pessoa,Com Vítimas Feridas,Pleno dia,Nublado,Simples ,Urbano,(null),Ferido Leve ,-1.0,Feminino
547995,01/07/2009,RN,110,MOSSORO,Falta de atenção,Atropelamento de pessoa,Com Vítimas Feridas,Pleno dia,Nublado,Simples ,Urbano,Motoneta,Ileso       ,-1.0,Masculino
548039,29/06/2009,RN,304,MACAIBA,Falta de atenção,Saída de Pista,Sem Vítimas        ,Amanhecer,Ceu Claro,Simples ,Rural ,Automóvel,Ileso       ,45.0,Masculino
548123,15/06/2009,RN,101,EXTREMOZ,Animais na Pista,Atropelamento de animal,Sem Vítimas        ,Pleno dia,Ceu Claro,Simples ,Rural ,Automóvel,Ileso       ,56.0,Masculino
548138,01/07/2009,RN,304,MACAIBA,Ultrapassagem indevida,Colisão lateral,Com Vítimas Feridas,Pleno dia,Chuva,Simples ,Urbano,Caminhão,Ileso       ,40.0,Masculino