id,data_inversa,uf,br,municipio,causa_acidente,tipo_acidente,classificacao_acidente,fase_dia,condicao_metereologica,tipo_pista,uso_solo,tipo_veiculo,estado_fisico,idade,sexo
551346,08/07/2009,RN,101,SAO JOSE DE MIPIBU,Defeito mecânico em veículo,Colisão traseira,Com Vítimas Feridas,Plena noite,Ceu Claro,Simples ,Urbano,Automóvel,Ileso       ,46.0,Masculino
551346,08/07/2009,RN,101,SAO JOSE DE MIPIBU,Defeito mecânico em veículo,Colisão traseira,Com Vítimas Feridas,Plena noite,Ceu Claro,Simples ,Urbano,Trator de rodas,Ferido Leve ,55.0,Masculino
551362,08/07/2009,RN,101,SAO JOSE DE MIPIBU,Falta de atenção,Colisão frontal,Com Vítimas Feridas,Pleno dia,Ceu Claro,Simples ,Rural ,Automóvel,Ferido Leve ,27.0,Masculino
551362,08/07/2009,RN,101,SAO JOSE DE MIPIBU,Falta de atenção,Colisão frontal,Com Vítimas Feridas,Pleno dia,Ceu Claro,Simples ,Rural ,Caminhonete,Ileso       ,37.0,Masculino
551370,08/07/2009,RN,101,NATAL,Outras,Colisão lateral,Sem Vítimas        ,Pleno dia,Ceu Claro,Simples ,Urbano,Automóvel,Ileso       ,24.0,Masculino
551370,08/07/2009,RN,101,NATAL,Outras,Colisão lateral,Sem Vítimas        ,Pleno dia,Ceu Claro,Simples ,Urbano,Automóvel,Ileso       ,23.0,Masculino
551414,08/07/2009,RN,101,NATAL,Não guardar distância de segurança,Colisão traseira,Sem Vítimas        ,Plena noite,Ceu Claro,Dupla   ,Urbano,Automóvel,Ileso       ,24.0,Feminino
551414,08/07/2009,RN,101,NATAL,Não guardar distância de segurança,Colisão traseira,Sem Vítimas        ,Plena noite,Ceu Claro,Dupla   ,Urbano,Automóvel,Ileso       ,23.0,Masculino
551435,08/07/2009,RN,101,PARNAMIRIM,Outras,Colisão lateral,Sem Vítimas        ,Plena noite,Nublado,Dupla   ,Urbano,Caminhonete,Ileso       ,33.0,Masculino
551435,08/07/2009,RN,101,PARNAMIRIM,Outras,Colisão lateral,Sem Vítimas        ,Plena noite,Nublado,Dupla   ,Urbano,Automóvel,Ileso       ,18.0,Masculino
551450,08/07/2009,RN,101,PARNAMIRIM,Falta de atenção,Colisão lateral,Sem Vítimas        ,Plena noite,Ceu Claro,Dupla   ,Urbano,Motoneta,Ileso       ,25.0,Masculino
551450,08/07/2009,RN,101,PARNAMIRIM,Falta de atenção,Colisão lateral,Sem Vítimas        ,Plena noite,Ceu Claro,Dupla   ,Urbano,Automóvel,Ileso       ,28.0,Masculino
551497,09/07/2009,RN,304,ASSU,Animais na Pista,Atropelamento de animal,Sem Vítimas        ,Plena noite,Ceu Claro,Simples ,Rural ,Automóvel,Ileso       ,36.0,Masculino
551622,08/07/2009,RN,304,MACAIBA,Outras,Colisão Transversal,Com Vítimas Feridas,Pleno dia,Ceu Claro,Simples ,Rural ,Automóvel,Ileso       ,35.0,Masculino
551622,08/07/2009,RN,304,MACAIBA,Outras,Colisão Transversal,Com Vítimas Feridas,Pleno dia,Ceu Claro,Simples ,Rural ,Automóvel,Ferido Leve ,47.0,Masculino
551622,08/07/2009,RN,304,MACAIBA,Outras,Colisão Transversal,Com Vítimas Feridas,Pleno dia,Ceu Claro,Simples ,Rural ,Automóvel,Ferido Leve ,38.0,Feminino
551628,05/07/2009,RN,101,NATAL,Não guardar distância de segurança,Colisão traseira,Sem Vítimas        ,Plena noite,Nublado,Dupla   ,Urbano,Automóvel,Ileso       ,59.0,Masculino
551628,05/07/2009,RN,101,NATAL,Não guardar distância de segurança,Colisão traseira,Sem Vítimas        ,Plena noite,Nublado,Dupla   ,Urbano,Automóvel,Ileso       ,22.0,Feminino
551650,09/07/2009,RN,101,NATAL,Desobediência à sinalização,Colisão traseira,Sem Vítimas        ,Pleno dia,Ceu Claro,Dupla   ,Urbano,Automóvel,Ileso       ,28.0,Masculino
551650,09/07/2009,RN,101,NATAL,Desobediência à sinalização,Colisão traseira,Sem Vítimas        ,Pleno dia,Ceu Claro,Dupla   ,Urbano,Automóvel,Ileso       ,22.0,Masculino
551651,09/07/2009,RN,101,NATAL,Outras,Colisão traseira,Sem Vítimas        ,Pleno dia,Chuva,Dupla   ,Urbano,Caminhonete,Ileso       ,47.0,Masculino
551651,09/07/2009,RN,101,NATAL,Outras,Colisão traseira,Sem Vítimas        ,Pleno dia,Chuva,Dupla   ,Urbano,Ônibus,Ileso       ,36.0,Masculino
551654,03/07/2009,RN,405,MOSSORO,Dormindo,Colisão com bicicleta,Com Vítimas Feridas,Amanhecer,Ceu Claro,Simples ,Rural ,Caminhão-Trator,Ileso       ,59.0,Masculino
551654,03/07/2009,RN,405,MOSSORO,Dormindo,Colisão com bicicleta,Com Vítimas Feridas,Amanhecer,Ceu Claro,Simples ,Rural ,Bicicleta,Ferido Grave,-1.0,Masculino
551743,24/06/2009,RN,101,NATAL,Falta de atenção,Colisão traseira,Sem Vítimas        ,Pleno dia,Nublado,Dupla   ,Urbano,Automóvel,Ileso       ,45.0,Feminino
551743,24/06/2009,RN,101,NATAL,Falta de atenção,Colisão traseira,Sem Vítimas        ,Pleno dia,Nublado,Dupla   ,Urbano,Automóvel,Ileso       ,25.0,Masculino
551760,09/07/2009,RN,304,MOSSORO,Falta de atenção,Colisão traseira,Sem Vítimas        ,Anoitecer,Nublado,Simples ,Urbano,Automóvel,Ileso       ,33.0,Feminino
551760,09/07/2009,RN,304,MOSSORO,Falta de atenção,Colisão traseira,Sem Vítimas        ,Anoitecer,Nublado,Simples ,Urbano,Automóvel,Ileso       ,-1.0,Masculino
551770,09/07/2009,RN,405,MOSSORO,Outras,Colisão com bicicleta,Com Vítimas Feridas,Pleno dia,Sol,Dupla   ,Urbano,Bicicleta,Ferido Leve ,-1.0,Masculino
551770,09/07/2009,RN,405,MOSSORO,Outras,Colisão com bicicleta,Com Vítimas Feridas,Pleno dia,Sol,Dupla   ,Urbano,Automóvel,Ileso       ,27.0,Masculino
551788,19/06/2009,RN,101,SAO GONCALO DO AMARANTE,Falta de atenção,Colisão frontal,Com Vítimas Feridas,Pleno dia,Ceu Claro,Dupla   ,Urbano,Automóvel,Ileso       ,57.0,Masculino
551788,19/06/2009,RN,101,SAO GONCALO DO AMARANTE,Falta de atenção,Colisão frontal,Com Vítimas Feridas,Pleno dia,Ceu Claro,Dupla   ,Urbano,Bicicleta,Ferido Grave,14.0,Masculino
551792,05/07/2009,RN,304,SAO PAULO DO POTENGI,Outras,Colisão com objeto fixo,Sem Vítimas        ,Anoitecer,Nublado,Simples ,Rural ,Automóvel,Ileso       ,30.0,Masculino
551978,09/07/2009,RN,226,CURRAIS NOVOS,Animais na Pista,Atropelamento de animal,Sem Vítimas        ,Plena noite,Ceu Claro,Simples ,Rural ,Caminhonete,Ileso       ,29.0,Masculino
551978,09/07/2009,RN,226,CURRAIS NOVOS,Animais na Pista,Atropelamento de animal,Sem Vítimas        ,Plena noite,Ceu Claro,Simples ,Rural ,Caminhonete,Ileso       ,59.0,Masculino
551978,09/07/2009,RN,226,CURRAIS NOVOS,Animais na Pista,Atropelamento de animal,Sem Vítimas        ,Plena noite,Ceu Claro,Simples ,Rural ,Caminhonete,Ileso       ,48.0,Masculino
551978,09/07/2009,RN,226,CURRAIS NOVOS,Animais na Pista,Atropelamento de animal,Sem Vítimas        ,Plena noite,Ceu Claro,Simples ,Rural ,Caminhonete,Ileso       ,49.0,Masculino
551999,07/07/2009,RN,101,SAO GONCALO DO AMARANTE,Falta de atenção,Colisão Transversal,Sem Vítimas        ,Pleno dia,Ceu Claro,Dupla   ,Urbano,Caminhão,Ileso       ,35.0,Masculino
551999,07/07/2009,RN,101,SAO GONCALO DO AMARANTE,Falta de atenção,Colisão Transversal,Sem Vítimas        ,Pleno dia,Ceu Claro,Dupla   ,Urbano,Automóvel,Ileso       ,29.0,Masculino
552025,07/07/2009,RN,101,NATAL,Animais na Pista,Colisão Transversal,Com Vítimas Feridas,Amanhecer,Chuva,Dupla   ,Urbano,Caminhonete,Ileso       ,43.0,Masculino
552025,07/07/2009,RN,101,NATAL,Animais na Pista,Colisão Transversal,Com Vítimas Feridas,Amanhecer,Chuva,Dupla   ,Urbano,Automóvel,Ileso       ,49.0,Masculino
552025,07/07/2009,RN,101,NATAL,Animais na Pista,Colisão Transversal,Com Vítimas Feridas,Amanhecer,Chuva,Dupla   ,Urbano,Automóvel,Ferido Leve ,-1.0,Masculino
552066,09/07/2009,RN,101,SAO JOSE DE MIPIBU,Defeito mecânico em veículo,Tombamento,Com Vítimas Feridas,Pleno dia,Nublado,Simples ,Rural ,Caminhonete,Ferido Grave,31.0,Masculino
552066,09/07/2009,RN,101,SAO JOSE DE MIPIBU,Defeito mecânico em veículo,Tombamento,Com Vítimas Feridas,Pleno dia,Nublado,Simples ,Rural ,Caminhonete,Ferido Leve ,25.0,Masculino
552073,10/07/2009,RN,304,PARNAMIRIM,Outras,Colisão Transversal,Sem Vítimas        ,Pleno dia,Nublado,Múltipla,Urbano,Ônibus,Ileso       ,31.0,Masculino
552073,10/07/2009,RN,304,PARNAMIRIM,Outras,Colisão Transversal,Sem Vítimas        ,Pleno dia,Nublado,Múltipla,Urbano,Automóvel,Ileso       ,40.0,Masculino
552094,04/07/2009,RN,101,NATAL,Falta de atenção,Colisão traseira,Sem Vítimas        ,Plena noite,Nublado,Dupla   ,Urbano,Automóvel,Ileso       ,20.0,Masculino
552094,04/07/2009,RN,101,NATAL,Falta de atenção,Colisão traseira,Sem Vítimas        ,Plena noite,Nublado,Dupla   ,Urbano,Automóvel,Ileso       ,28.0,Feminino
552096,10/07/2009,RN,101,NATAL,Falta de atenção,Colisão traseira,Sem Vítimas        ,Pleno dia,Ceu Claro,Dupla   ,Urbano,Automóvel,Ileso       ,51.0,Masculino
552096,10/07/2009,RN,101,NATAL,Falta de atenção,Colisão traseira,Sem Vítimas        ,Pleno dia,Ceu Claro,Dupla   ,Urbano,Automóvel,Ileso       ,49.0,Feminino
552096,10/07/2009,RN,101,NATAL,Falta de atenção,Colisão traseira,Sem Vítimas        ,Pleno dia,Ceu Claro,Dupla   ,Urbano,Caminhão,Ileso       ,42.0,Masculino
552229,10/07/2009,RN,304,CAICARA DO RIO DO VENTO,Falta de atenção,Colisão lateral,Sem Vítimas        ,Pleno dia,Chuva,Simples ,Rural ,Caminhão,Ileso       ,39.0,Masculino
552229,10/07/2009,RN,304,CAICARA DO RIO DO VENTO,Falta de atenção,Colisão lateral,Sem Vítimas        ,Pleno dia,Chuva,Simples ,Rural ,Ônibus,Ileso       ,37.0,Masculino
552319,10/07/2009,RN,427,JARDIM DO SERIDO,Ultrapassagem indevida,Colisão lateral,Com Vítimas Feridas,Anoitecer,Ceu Claro,Simples ,Rural ,Motocicletas,Ferido Grave,54.0,Masculino
552319,10/07/2009,RN,427,JARDIM DO SERIDO,Ultrapassagem indevida,Colisão lateral,Com Vítimas Feridas,Anoitecer,Ceu Claro,Simples ,Rural ,Caminhão,Ileso       ,46.0,Masculino
552543,11/07/2009,RN,101,PARNAMIRIM,Desobediência à sinalização,Colisão traseira,Sem Vítimas        ,Pleno dia,Sol,Dupla   ,Urbano,Automóvel,Ignorado    ,-1.0,Feminino
552543,11/07/2009,RN,101,PARNAMIRIM,Desobediência à sinalização,Colisão traseira,Sem Vítimas        ,Pleno dia,Sol,Dupla   ,Urbano,Automóvel,Ileso       ,19.0,Masculino
552543,11/07/2009,RN,101,PARNAMIRIM,Desobediência à sinalização,Colisão traseira,Sem Vítimas        ,Pleno dia,Sol,Dupla   ,Urbano,Automóvel,Ileso       ,42.0,Masculino
552604,11/07/2009,RN,101,SAO JOSE DE MIPIBU,Falta de atenção,Colisão Transversal,Sem Vítimas        ,Pleno dia,Ceu Claro,Simples ,Urbano,Automóvel,Ileso       ,73.0,Masculino
552604,11/07/2009,RN,101,SAO JOSE DE MIPIBU,Falta de atenção,Colisão Transversal,Sem Vítimas        ,Pleno dia,Ceu Claro,Simples ,Urbano,Automóvel,Ileso       ,43.0,Masculino
552630,07/07/2009,RN,101,NATAL,Falta de atenção,Colisão lateral,Sem Vítimas        ,Pleno dia,Ceu Claro,Simples ,Urbano,Ônibus,Ileso       ,47.0,Masculino
552630,07/07/2009,RN,101,NATAL,Falta de atenção,Colisão lateral,Sem Vítimas        ,Pleno dia,Ceu Claro,Simples ,Urbano,Automóvel,Ileso       ,41.0,Masculino
552750,11/07/2009,RN,304,MACAIBA,Outras,Colisão traseira,Sem Vítimas        ,Pleno dia,Sol,Simples ,Rural ,Caminhonete,Ileso       ,58.0,Masculino
552750,11/07/2009,RN,304,MACAIBA,Outras,Colisão traseira,Sem Vítimas        ,Pleno dia,Sol,Simples ,Rural ,Automóvel,Ileso       ,52.0,Masculino
552801,07/07/2009,RN,101,NATAL,Falta de atenção,Colisão traseira,Sem Vítimas        ,Pleno dia,Sol,Simples ,Urbano,Automóvel,Ileso       ,-1.0,Masculino
552801,07/07/2009,RN,101,NATAL,Falta de atenção,Colisão traseira,Sem Vítimas        ,Pleno dia,Sol,Simples ,Urbano,Automóvel,Ileso       ,-1.0,Masculino
552830,11/07/2009,RN,110,MOSSORO,Desobediência à sinalização,Colisão Transversal,Com Vítimas Feridas,Pleno dia,Ceu Claro,Dupla   ,Urbano,Motocicletas,Ferido Leve ,28.0,Masculino
552830,11/07/2009,RN,110,MOSSORO,Desobediência à sinalização,Colisão Transversal,Com Vítimas Feridas,Pleno dia,Ceu Claro,Dupla   ,Urbano,Motocicletas,Ferido Leve ,51.0,Masculino
552836,11/07/2009,RN,304,ITAJA,Outras,Colisão com objeto fixo,Sem Vítimas        ,Pleno dia,Sol,Simples ,Rural ,Automóvel,Ileso       ,24.0,Masculino
552836,11/07/2009,RN,304,ITAJA,Outras,Colisão com objeto fixo,Sem Vítimas        ,Pleno dia,Sol,Simples ,Rural ,Automóvel,Ileso       ,43.0,Masculino
552840,11/07/2009,RN,101,NATAL,Falta de atenção,Colisão traseira,Sem Vítimas        ,Pleno dia,Ceu Claro,Dupla   ,Urbano,Automóvel,Ileso       ,63.0,Masculino
552840,11/07/2009,RN,101,NATAL,Falta de atenção,Colisão traseira,Sem Vítimas        ,Pleno dia,Ceu Claro,Dupla   ,Urbano,Automóvel,Ileso       ,48.0,Masculino
552892,11/07/2009,RN,101,SAO JOSE DE MIPIBU,Não guardar distância de segurança,Colisão lateral,Sem Vítimas        ,Pleno dia,Ceu Claro,Simples ,Rural ,Caminhão,Ileso       ,38.0,Masculino
552892,11/07/2009,RN,101,SAO JOSE DE MIPIBU,Não guardar distância de segurança,Colisão lateral,Sem Vítimas        ,Pleno dia,Ceu Claro,Simples ,Rural ,Automóvel,Ileso       ,28.0,Masculino
552892,11/07/2009,RN,101,SAO JOSE DE MIPIBU,Não guardar distância de segurança,Colisão lateral,Sem Vítimas        ,Pleno dia,Ceu Claro,Simples ,Rural ,Caminhão-Trator,Ileso       ,43.0,Masculino
552989,12/07/2009,RN,101,NATAL,Ingestão de álcool,Colisão com objeto fixo,Sem Vítimas        ,Plena noite,Nublado,Dupla   ,Urbano,Automóvel,Ignorado    ,23.0,Masculino
552989,12/07/2009,RN,101,NATAL,Ingestão de álcool,Colisão com objeto fixo,Sem Vítimas        ,Plena noite,Nublado,Dupla   ,Urbano,Automóvel,Ileso       ,27.0,Masculino
552989,12/07/2009,RN,101,NATAL,Ingestão de álcool,Colisão com objeto fixo,Sem Vítimas        ,Plena noite,Nublado,Dupla   ,Urbano,Automóvel,Ileso       ,40.0,Masculino
553050,06/07/2009,RN,101,NATAL,Não guardar distância de segurança,Colisão lateral,Sem Vítimas        ,Pleno dia,Chuva,Dupla   ,Urbano,Caminhão,Ileso       ,-1.0,Masculino
553050,06/07/2009,RN,101,NATAL,Não guardar distância de segurança,Colisão lateral,Sem Vítimas        ,Pleno dia,Chuva,Dupla   ,Urbano,Automóvel,Ileso       ,36.0,Masculino
553067,10/07/2009,RN,101,NATAL,Falta de atenção,Colisão lateral,Sem Vítimas        ,Pleno dia,Ceu Claro,Múltipla,Urbano,Automóvel,Ileso       ,39.0,Masculino
553067,10/07/2009,RN,101,NATAL,Falta de atenção,Colisão lateral,Sem Vítimas        ,Pleno dia,Ceu Claro,Múltipla,Urbano,Automóvel,Ileso       ,34.0,Masculino
553268,12/07/2009,RN,304,MACAIBA,Desobediência à sinalização,Colisão Transversal,Com Vítimas Feridas,Plena noite,Ceu Claro,Simples ,Urbano,Automóvel,Ignorado    ,-1.0,Masculino
553268,12/07/2009,RN,304,MACAIBA,Desobediência à sinalização,Colisão Transversal,Com Vítimas Feridas,Plena noite,Ceu Claro,Simples ,Urbano,Motocicletas,Ferido Leve ,37.0,Masculino
553268,12/07/2009,RN,304,MACAIBA,Desobediência à sinalização,Colisão Transversal,Com Vítimas Feridas,Plena noite,Ceu Claro,Simples ,Urbano,Motocicletas,Ferido Grave,-1.0,Feminino
553275,12/07/2009,RN,101,NATAL,Outras,Colisão Transversal,Sem Vítimas        ,Plena noite,Ceu Claro,Dupla   ,Urbano,Automóvel,Ileso       ,44.0,Feminino
553275,12/07/2009,RN,101,NATAL,Outras,Colisão Transversal,Sem Vítimas        ,Plena noite,Ceu Claro,Dupla   ,Urbano,Ônibus,Ileso       ,49.0,Masculino
553341,12/07/2009,RN,101,NATAL,Falta de atenção,Colisão traseira,Sem Vítimas        ,Plena noite,Ceu Claro,Dupla   ,Urbano,Automóvel,Ileso       ,47.0,Masculino
553341,12/07/2009,RN,101,NATAL,Falta de atenção,Colisão traseira,Sem Vítimas        ,Plena noite,Ceu Claro,Dupla   ,Urbano,Automóvel,Ileso       ,27.0,Masculino
553343,12/07/2009,RN,226,CAMPO REDONDO,Defeito na via,Capotamento,Com Vítimas Feridas,Anoitecer,Ceu Claro,Simples ,Rural ,Automóvel,Ferido Leve ,32.0,Masculino
553343,12/07/2009,RN,226,CAMPO REDONDO,Defeito na via,Capotamento,Com Vítimas Feridas,Anoitecer,Ceu Claro,Simples ,Rural ,Automóvel,Ferido Leve ,31.0,Masculino
553383,09/07/2009,RN,101,PARNAMIRIM,Desobediência à sinalização,Colisão frontal,Com Vítimas Feridas,Plena noite,Nublado,Múltipla,Urbano,Ônibus,Ileso       ,25.0,Masculino
553383,09/07/2009,RN,101,PARNAMIRIM,Desobediência à sinalização,Colisão frontal,Com Vítimas Feridas,Plena noite,Nublado,Múltipla,Urbano,Motocicletas,Ferido Leve ,40.0,Masculino
553383,09/07/2009,RN,101,PARNAMIRIM,Desobediência à sinalização,Colisão frontal,Com Vítimas Feridas,Plena noite,Nublado,Múltipla,Urbano,Motocicletas,Ferido Leve ,45.0,Feminino
553496,13/07/2009,RN,304,MACAIBA,Outras,Colisão com objeto fixo,Com Vítimas Feridas,Pleno dia,Chuva,Dupla   ,Urbano,Automóvel,Ileso       ,36.0,Masculino
553496,13/07/2009,RN,304,MACAIBA,Outras,Colisão com objeto fixo,Com Vítimas Feridas,Pleno dia,Chuva,Dupla   ,Urbano,Automóvel,Ferido Leve ,18.0,Masculino
553499,09/07/2009,RN,304,LAJES,Defeito na via,Colisão com objeto fixo,Sem Vítimas        ,Pleno dia,Ceu Claro,Simples ,Urbano,Automóvel,Ileso       ,51.0,Masculino
553523,13/07/2009,RN,304,ANGICOS,Animais na Pista,Atropelamento de animal,Sem Vítimas        ,Pleno dia,Ceu Claro,Simples ,Rural ,Caminhão,Ileso       ,42.0,Masculino
553551,05/07/2009,RN,304,LAJES,Outras,Colisão traseira,Sem Vítimas        ,Plena noite,Ceu Claro,Simples ,Rural ,Automóvel,Ileso       ,47.0,Masculino
553551,05/07/2009,RN,304,LAJES,Outras,Colisão traseira,Sem Vítimas        ,Plena noite,Ceu Claro,Simples ,Rural ,Automóvel,Ileso       ,37.0,Masculino
553572,12/07/2009,RN,226,CURRAIS NOVOS,Outras,Saída de Pista,Ignorado           ,Plena noite,Ceu Claro,Simples ,Urbano,Automóvel,Ignorado    ,-1.0,Masculino
553602,25/06/2009,RN,226,NATAL,Desobediência à sinalização,Colisão Transversal,Com Vítimas Feridas,Pleno dia,Nublado,Simples ,Urbano,Ciclomotor,Ileso       ,18.0,Masculino
553602,25/06/2009,RN,226,NATAL,Desobediência à sinalização,Colisão Transversal,Com Vítimas Feridas,Pleno dia,Nublado,Simples ,Urbano,Motocicletas,Ferido Leve ,33.0,Masculino
553709,13/07/2009,RN,110,MOSSORO,Falta de atenção,Colisão Transversal,Com Vítimas Feridas,Pleno dia,Ceu Claro,Dupla   ,Urbano,Automóvel,Ignorado    ,-1.0,Inválido
553709,13/07/2009,RN,110,MOSSORO,Falta de atenção,Colisão Transversal,Com Vítimas Feridas,Pleno dia,Ceu Claro,Dupla   ,Urbano,Motocicletas,Ferido Leve ,-1.0,Masculino
553748,11/07/2009,RN,304,RIACHUELO,Não guardar distância de segurança,Colisão traseira,Sem Vítimas        ,Pleno dia,Nublado,Simples ,Rural ,Automóvel,Ileso       ,38.0,Masculino
553748,11/07/2009,RN,304,RIACHUELO,Não guardar distância de segurança,Colisão traseira,Sem Vítimas        ,Pleno dia,Nublado,Simples ,Rural ,Utilitário,Ileso       ,26.0,Masculino
553821,05/07/2009,RN,101,SAO GONCALO DO AMARANTE,Não guardar distância de segurança,Colisão traseira,Sem Vítimas        ,Anoitecer,Ceu Claro,Simples ,Urbano,Automóvel,Ileso       ,23.0,Feminino
553821,05/07/2009,RN,101,SAO GONCALO DO AMARANTE,Não guardar distância de segurança,Colisão traseira,Sem Vítimas        ,Anoitecer,Ceu Claro,Simples ,Urbano,Automóvel,Ileso       ,40.0,Masculino
553821,05/07/2009,RN,101,SAO GONCALO DO AMARANTE,Não guardar distância de segurança,Colisão traseira,Sem Vítimas        ,Anoitecer,Ceu Claro,Simples ,Urbano,Caminhonete,Ileso       ,36.0,Masculino
553854,10/07/2009,RN,101,PARNAMIRIM,Falta de atenção,Colisão lateral,Com Vítimas Feridas,Pleno dia,Nublado,Dupla   ,Urbano,Motocicletas,Ferido Grave,48.0,Masculino
553854,10/07/2009,RN,101,PARNAMIRIM,Falta de atenção,Colisão lateral,Com Vítimas Feridas,Pleno dia,Nublado,Dupla   ,Urbano,Ônibus,Ileso       ,38.0,Masculino
553950,10/07/2009,RN,101,NATAL,Não guardar distância de segurança,Colisão traseira,Sem Vítimas        ,Pleno dia,Ceu Claro,Dupla   ,Urbano,Automóvel,Ileso       ,22.0,Masculino
553950,10/07/2009,RN,101,NATAL,Não guardar distância de segurança,Colisão traseira,Sem Vítimas        ,Pleno dia,Ceu Claro,Dupla   ,Urbano,Automóvel,Ileso       ,32.0,Masculino
553978,10/07/2009,RN,101,PARNAMIRIM,Ultrapassagem indevida,Colisão lateral,Com Vítimas Feridas,Pleno dia,Ceu Claro,Dupla   ,Urbano,Automóvel,Ileso       ,33.0,Masculino
553978,10/07/2009,RN,101,PARNAMIRIM,Ultrapassagem indevida,Colisão lateral,Com Vítimas Feridas,Pleno dia,Ceu Claro,Dupla   ,Urbano,Motocicletas,Ferido Leve ,33.0,Masculino
554021,13/07/2009,RN,101,PARNAMIRIM,Falta de atenção,Colisão traseira,Sem Vítimas        ,Anoitecer,Ceu Claro,Dupla   ,Urbano,Automóvel,Ileso       ,61.0,Masculino
554021,13/07/2009,RN,101,PARNAMIRIM,Falta de atenção,Colisão traseira,Sem Vítimas        ,Anoitecer,Ceu Claro,Dupla   ,Urbano,Automóvel,Ileso       ,-1.0,Masculino
554088,14/07/2009,RN,406,JOAO CAMARA,Outras,Colisão Transversal,Com Vítimas Feridas,Pleno dia,Ceu Claro,Simples ,Rural ,Motocicletas,Ferido Leve ,31.0,Masculino
554088,14/07/2009,RN,406,JOAO CAMARA,Outras,Colisão Transversal,Com Vítimas Feridas,Pleno dia,Ceu Claro,Simples ,Rural ,Automóvel,Ignorado    ,-1.0,Inválido
554126,14/07/2009,RN,304,MOSSORO,Falta de atenção,Colisão Transversal,Com Vítimas Feridas,Pleno dia,Ceu Claro,Simples ,Urbano,Microônibus,Ileso       ,35.0,Masculino
554126,14/07/2009,RN,304,MOSSORO,Falta de atenção,Colisão Transversal,Com Vítimas Feridas,Pleno dia,Ceu Claro,Simples ,Urbano,Motocicletas,Ferido Leve ,26.0,Masculino
554181,10/07/2009,RN,101,NATAL,Falta de atenção,Colisão lateral,Sem Vítimas        ,Plena noite,Ceu Claro,Dupla   ,Urbano,Automóvel,Ileso       ,61.0,Feminino
554181,10/07/2009,RN,101,NATAL,Falta de atenção,Colisão lateral,Sem Vítimas        ,Plena noite,Ceu Claro,Dupla   ,Urbano,Camioneta,Ileso       ,38.0,Masculino
554184,14/07/2009,RN,101,PARNAMIRIM,Falta de atenção,Colisão traseira,Sem Vítimas        ,Pleno dia,Sol,Dupla   ,Urbano,Automóvel,Ileso       ,23.0,Masculino
554184,14/07/2009,RN,101,PARNAMIRIM,Falta de atenção,Colisão traseira,Sem Vítimas        ,Pleno dia,Sol,Dupla   ,Urbano,Automóvel,Ileso       ,49.0,Masculino
554234,14/07/2009,RN,101,PARNAMIRIM,Falta de atenção,Colisão lateral,Sem Vítimas        ,Pleno dia,Sol,Dupla   ,Rural ,Caminhonete,Ileso       ,50.0,Feminino
554234,14/07/2009,RN,101,PARNAMIRIM,Falta de atenção,Colisão lateral,Sem Vítimas        ,Pleno dia,Sol,Dupla   ,Rural ,Ônibus,Ileso       ,41.0,Masculino
554388,11/07/2009,RN,226,SAO VICENTE,Defeito mecânico em veículo,Capotamento,Com Vítimas Feridas,Pleno dia,Sol,Simples ,Rural ,Caminhonete,Ferido Leve ,35.0,Masculino
554388,11/07/2009,RN,226,SAO VICENTE,Defeito mecânico em veículo,Capotamento,Com Vítimas Feridas,Pleno dia,Sol,Simples ,Rural ,Caminhonete,Ferido Grave,8.0,Masculino
554388,11/07/2009,RN,226,SAO VICENTE,Defeito mecânico em veículo,Capotamento,Com Vítimas Feridas,Pleno dia,Sol,Simples ,Rural ,Caminhonete,Ferido Leve ,66.0,Masculino
554388,11/07/2009,RN,226,SAO VICENTE,Defeito mecânico em veículo,Capotamento,Com Vítimas Feridas,Pleno dia,Sol,Simples ,Rural ,Caminhonete,Ferido Leve ,-1.0,Feminino
554388,11/07/2009,RN,226,SAO VICENTE,Defeito mecânico em veículo,Capotamento,Com Vítimas Feridas,Pleno dia,Sol,Simples ,Rural ,Caminhonete,Ferido Leve ,-1.0,Masculino
554388,11/07/2009,RN,226,SAO VICENTE,Defeito mecânico em veículo,Capotamento,Com Vítimas Feridas,Pleno dia,Sol,Simples ,Rural ,Caminhonete,Ferido Grave,-1.0,Masculino
554423,11/07/2009,RN,101,NATAL,Falta de atenção,Colisão lateral,Sem Vítimas        ,Pleno dia,Ceu Claro,Simples ,Urbano,Ônibus,Ileso       ,26.0,Masculino
554423,11/07/2009,RN,101,NATAL,Falta de atenção,Colisão lateral,Sem Vítimas        ,Pleno dia,Ceu Claro,Simples ,Urbano,Microônibus,Ileso       ,55.0,Masculino
554428,15/07/2009,RN,101,NATAL,Falta de atenção,Colisão traseira,Sem Vítimas        ,Pleno dia,Ceu Claro,Dupla   ,Urbano,Automóvel,Ileso       ,33.0,Masculino
554428,15/07/2009,RN,101,NATAL,Falta de atenção,Colisão traseira,Sem Vítimas        ,Pleno dia,Ceu Claro,Dupla   ,Urbano,Camioneta,Ileso       ,26.0,Masculino
554428,15/07/2009,RN,101,NATAL,Falta de atenção,Colisão traseira,Sem Vítimas        ,Pleno dia,Ceu Claro,Dupla   ,Urbano,Automóvel,Ileso       ,45.0,Masculino
554628,15/07/2009,RN,101,PARNAMIRIM,Falta de atenção,Colisão lateral,Sem Vítimas        ,Pleno dia,Ceu Claro,Dupla   ,Urbano,Caminhão,Ileso       ,23.0,Masculino