id,data_inversa,uf,br,municipio,causa_acidente,tipo_acidente,classificacao_acidente,fase_dia,condicao_metereologica,tipo_pista,uso_solo,tipo_veiculo,estado_fisico,idade,sexo
563121,01/08/2009,RN,101,NATAL,Falta de atenção,Colisão traseira,Sem Vítimas        ,Plena noite,Chuva,Dupla   ,Urbano,Automóvel,Ileso       ,18.0,Masculino
563124,01/08/2009,RN,101,PARNAMIRIM,Falta de atenção,Colisão traseira,Sem Vítimas        ,Plena noite,Chuva,Dupla   ,Urbano,Ônibus,Ileso       ,35.0,Masculino
563124,01/08/2009,RN,101,PARNAMIRIM,Falta de atenção,Colisão traseira,Sem Vítimas        ,Plena noite,Chuva,Dupla   ,Urbano,Motocicletas,Ignorado    ,-1.0,Inválido
563185,03/08/2009,RN,101,PARNAMIRIM,Falta de atenção,Colisão traseira,Sem Vítimas        ,Pleno dia,Ceu Claro,Dupla   ,Urbano,Caminhão,Ileso       ,34.0,Masculino
563185,03/08/2009,RN,101,PARNAMIRIM,Falta de atenção,Colisão traseira,Sem Vítimas        ,Pleno dia,Ceu Claro,Dupla   ,Urbano,Camioneta,Ileso       ,52.0,Masculino
563248,27/07/2009,RN,101,NATAL,Falta de atenção,Colisão traseira,Sem Vítimas        ,Plena noite,Ceu Claro,Dupla   ,Urbano,Ônibus,Ileso       ,33.0,Masculino
563248,27/07/2009,RN,101,NATAL,Falta de atenção,Colisão traseira,Sem Vítimas        ,Plena noite,Ceu Claro,Dupla   ,Urbano,Caminhão,Ileso       ,23.0,Masculino
563252,31/07/2009,RN,101,SAO GONCALO DO AMARANTE,Outras,Colisão lateral,Sem Vítimas        ,Pleno dia,Ceu Claro,Dupla   ,Urbano,Ônibus,Ileso       ,28.0,Masculino
563252,31/07/2009,RN,101,SAO GONCALO DO AMARANTE,Outras,Colisão lateral,Sem Vítimas        ,Pleno dia,Ceu Claro,Dupla   ,Urbano,Automóvel,Ileso       ,22.0,Feminino
563275,31/07/2009,RN,101,MACAIBA,Desobediência à sinalização,Colisão frontal,Com Vítimas Fatais ,Plena noite,Ceu Claro,Simples ,Rural ,Motocicletas,Morto       ,31.0,Masculino
563275,31/07/2009,RN,101,MACAIBA,Desobediência à sinalização,Colisão frontal,Com Vítimas Fatais ,Plena noite,Ceu Claro,Simples ,Rural ,Ônibus,Ileso       ,43.0,Masculino
563308,30/07/2009,RN,110,MOSSORO,Falta de atenção,Colisão lateral,Sem Vítimas        ,Pleno dia,Sol,Simples ,Rural ,Automóvel,Ileso       ,56.0,Masculino
563308,30/07/2009,RN,110,MOSSORO,Falta de atenção,Colisão lateral,Sem Vítimas        ,Pleno dia,Sol,Simples ,Rural ,Automóvel,Ileso       ,30.0,Masculino
563395,03/08/2009,RN,101,PARNAMIRIM,Falta de atenção,Colisão traseira,Sem Vítimas        ,Pleno dia,Ceu Claro,Dupla   ,Rural ,Automóvel,Ileso       ,30.0,Masculino
563395,03/08/2009,RN,101,PARNAMIRIM,Falta de atenção,Colisão traseira,Sem Vítimas        ,Pleno dia,Ceu Claro,Dupla   ,Rural ,Caminhão,Ileso       ,50.0,Masculino
563409,04/08/2009,RN,101,NATAL,Outras,Capotamento,Com Vítimas Feridas,Pleno dia,Nublado,Múltipla,Urbano,Automóvel,Ferido Leve ,28.0,Masculino
563420,04/08/2009,RN,101,PARNAMIRIM,Outras,Colisão Transversal,Sem Vítimas        ,Pleno dia,Nublado,Dupla   ,Urbano,Caminhonete,Ileso       ,42.0,Masculino
563420,04/08/2009,RN,101,PARNAMIRIM,Outras,Colisão Transversal,Sem Vítimas        ,Pleno dia,Nublado,Dupla   ,Urbano,Automóvel,Ileso       ,19.0,Masculino
563557,01/08/2009,RN,427,ACARI,Outras,Incêndio,Sem Vítimas        ,Pleno dia,Ceu Claro,Simples ,Rural ,Caminhão,Ileso       ,28.0,Masculino
563571,03/08/2009,RN,101,NATAL,Falta de atenção,Colisão lateral,Sem Vítimas        ,Pleno dia,Ceu Claro,Múltipla,Urbano,Automóvel,Ileso       ,26.0,Feminino
563571,03/08/2009,RN,101,NATAL,Falta de atenção,Colisão lateral,Sem Vítimas        ,Pleno dia,Ceu Claro,Múltipla,Urbano,Automóvel,Ileso       ,26.0,Feminino
563579,01/08/2009,RN,427,JARDIM DO SERIDO,Outras,Capotamento,Sem Vítimas        ,Pleno dia,Ceu Claro,Simples ,Rural ,Caminhonete,Ileso       ,35.0,Masculino
563579,01/08/2009,RN,427,JARDIM DO SERIDO,Outras,Capotamento,Sem Vítimas        ,Pleno dia,Ceu Claro,Simples ,Rural ,Caminhonete,Ignorado    ,-1.0,Inválido
563592,03/08/2009,RN,304,MACAIBA,Outras,Colisão traseira,Com Vítimas Feridas,Anoitecer,Vento,Dupla   ,Rural ,Caminhão,Ignorado    ,-1.0,Inválido
563592,03/08/2009,RN,304,MACAIBA,Outras,Colisão traseira,Com Vítimas Feridas,Anoitecer,Vento,Dupla   ,Rural ,Automóvel,Ileso       ,38.0,Masculino
563592,03/08/2009,RN,304,MACAIBA,Outras,Colisão traseira,Com Vítimas Feridas,Anoitecer,Vento,Dupla   ,Rural ,Caminhão,Ileso       ,25.0,Masculino
563592,03/08/2009,RN,304,MACAIBA,Outras,Colisão traseira,Com Vítimas Feridas,Anoitecer,Vento,Dupla   ,Rural ,Caminhão,Ferido Leve ,27.0,Masculino
563599,02/08/2009,RN,101,NATAL,Outras,Colisão lateral,Sem Vítimas        ,Plena noite,Nublado,Múltipla,Urbano,Automóvel,Ileso       ,56.0,Feminino
563599,02/08/2009,RN,101,NATAL,Outras,Colisão lateral,Sem Vítimas        ,Plena noite,Nublado,Múltipla,Urbano,Automóvel,Ileso       ,21.0,Masculino
563621,05/08/2009,RN,101,NATAL,Falta de atenção,Colisão traseira,Sem Vítimas        ,Pleno dia,Nublado,Dupla   ,Urbano,Automóvel,Ileso       ,20.0,Masculino
563621,05/08/2009,RN,101,NATAL,Falta de atenção,Colisão traseira,Sem Vítimas        ,Pleno dia,Nublado,Dupla   ,Urbano,Automóvel,Ileso       ,30.0,Masculino
563639,02/08/2009,RN,427,CAICO,Outras,Capotamento,Sem Vítimas        ,Pleno dia,Ceu Claro,Simples ,Urbano,Caminhonete,Ileso       ,28.0,Masculino
563639,02/08/2009,RN,427,CAICO,Outras,Capotamento,Sem Vítimas        ,Pleno dia,Ceu Claro,Simples ,Urbano,Automóvel,Ileso       ,25.0,Masculino
563711,03/08/2009,RN,304,MACAIBA,Falta de atenção,Colisão traseira,Sem Vítimas        ,Pleno dia,Ceu Claro,Simples ,Rural ,Automóvel,Ileso       ,72.0,Masculino
563711,03/08/2009,RN,304,MACAIBA,Falta de atenção,Colisão traseira,Sem Vítimas        ,Pleno dia,Ceu Claro,Simples ,Rural ,Automóvel,Ileso       ,28.0,Feminino
563762,26/07/2009,RN,101,SAO GONCALO DO AMARANTE,Falta de atenção,Atropelamento de pessoa,Com Vítimas Feridas,Plena noite,Nublado,Dupla   ,Urbano,Motocicletas,Ileso       ,24.0,Masculino
563762,26/07/2009,RN,101,SAO GONCALO DO AMARANTE,Falta de atenção,Atropelamento de pessoa,Com Vítimas Feridas,Plena noite,Nublado,Dupla   ,Urbano,(null),Ferido Grave,48.0,Masculino
563765,05/08/2009,RN,101,PARNAMIRIM,Velocidade incompatível,Colisão traseira,Sem Vítimas        ,Plena noite,Ceu Claro,Dupla   ,Urbano,Automóvel,Ileso       ,46.0,Masculino
563765,05/08/2009,RN,101,PARNAMIRIM,Velocidade incompatível,Colisão traseira,Sem Vítimas        ,Plena noite,Ceu Claro,Dupla   ,Urbano,Automóvel,Ileso       ,56.0,Masculino
563765,05/08/2009,RN,101,PARNAMIRIM,Velocidade incompatível,Colisão traseira,Sem Vítimas        ,Plena noite,Ceu Claro,Dupla   ,Urbano,Camioneta,Ileso       ,27.0,Masculino
563789,05/08/2009,RN,101,NATAL,Falta de atenção,Colisão lateral,Sem Vítimas        ,Pleno dia,Ceu Claro,Dupla   ,Urbano,Ônibus,Ileso       ,34.0,Masculino
563789,05/08/2009,RN,101,NATAL,Falta de atenção,Colisão lateral,Sem Vítimas        ,Pleno dia,Ceu Claro,Dupla   ,Urbano,Automóvel,Ileso       ,50.0,Masculino
563884,25/07/2009,RN,101,GOIANINHA,Desobediência à sinalização,Colisão Transversal,Sem Vítimas        ,Pleno dia,Ceu Claro,Simples ,Urbano,Automóvel,Ileso       ,38.0,Masculino
563884,25/07/2009,RN,101,GOIANINHA,Desobediência à sinalização,Colisão Transversal,Sem Vítimas        ,Pleno dia,Ceu Claro,Simples ,Urbano,Automóvel,Ileso       ,52.0,Masculino
563929,28/07/2009,RN,101,PARNAMIRIM,Falta de atenção,Colisão com bicicleta,Com Vítimas Feridas,Pleno dia,Ceu Claro,Dupla   ,Urbano,Automóvel,Ferido Leve ,55.0,Masculino
563929,28/07/2009,RN,101,PARNAMIRIM,Falta de atenção,Colisão com bicicleta,Com Vítimas Feridas,Pleno dia,Ceu Claro,Dupla   ,Urbano,Bicicleta,Ferido Grave,71.0,Masculino
563958,30/07/2009,RN,101,PARNAMIRIM,Falta de atenção,Colisão traseira,Sem Vítimas        ,Pleno dia,Ceu Claro,Dupla   ,Urbano,Caminhão,Ileso       ,33.0,Masculino
563958,30/07/2009,RN,101,PARNAMIRIM,Falta de atenção,Colisão traseira,Sem Vítimas        ,Pleno dia,Ceu Claro,Dupla   ,Urbano,Caminhão,Ileso       ,35.0,Masculino
563958,30/07/2009,RN,101,PARNAMIRIM,Falta de atenção,Colisão traseira,Sem Vítimas        ,Pleno dia,Ceu Claro,Dupla   ,Urbano,Automóvel,Ileso       ,32.0,Masculino
564044,06/08/2009,RN,101,PARNAMIRIM,Falta de atenção,Colisão traseira,Sem Vítimas        ,Pleno dia,Ceu Claro,Dupla   ,Urbano,Automóvel,Ileso       ,64.0,Masculino
564044,06/08/2009,RN,101,PARNAMIRIM,Falta de atenção,Colisão traseira,Sem Vítimas        ,Pleno dia,Ceu Claro,Dupla   ,Urbano,Automóvel,Ileso       ,49.0,Masculino
564104,06/08/2009,RN,110,MOSSORO,Falta de atenção,Queda de motocicleta / bicicleta / veículo,Sem Vítimas        ,Pleno dia,Sol,Simples ,Urbano,Motocicletas,Ileso       ,25.0,Masculino
564104,06/08/2009,RN,110,MOSSORO,Falta de atenção,Queda de motocicleta / bicicleta / veículo,Sem Vítimas        ,Pleno dia,Sol,Simples ,Urbano,Automóvel,Ileso       ,27.0,Masculino
564136,05/08/2009,RN,101,SAO JOSE DE MIPIBU,Falta de atenção,Colisão lateral,Com Vítimas Feridas,Pleno dia,Chuva,Simples ,Rural ,Motocicletas,Ferido Grave,45.0,Masculino
564136,05/08/2009,RN,101,SAO JOSE DE MIPIBU,Falta de atenção,Colisão lateral,Com Vítimas Feridas,Pleno dia,Chuva,Simples ,Rural ,Automóvel,Ileso       ,24.0,Feminino
564136,05/08/2009,RN,101,SAO JOSE DE MIPIBU,Falta de atenção,Colisão lateral,Com Vítimas Feridas,Pleno dia,Chuva,Simples ,Rural ,Motocicletas,Ferido Leve ,-1.0,Masculino
564240,06/08/2009,RN,101,RIO DO FOGO,Animais na Pista,Atropelamento de animal,Sem Vítimas        ,Plena noite,Ceu Claro,Simples ,Urbano,Automóvel,Ileso       ,49.0,Masculino
564241,29/07/2009,RN,101,NATAL,Não guardar distância de segurança,Colisão traseira,Sem Vítimas        ,Pleno dia,Ceu Claro,Dupla   ,Urbano,Automóvel,Ileso       ,37.0,Masculino
564241,29/07/2009,RN,101,NATAL,Não guardar distância de segurança,Colisão traseira,Sem Vítimas        ,Pleno dia,Ceu Claro,Dupla   ,Urbano,Caminhonete,Ileso       ,45.0,Masculino
564244,07/08/2009,RN,304,MOSSORO,Outras,Colisão frontal,Com Vítimas Feridas,Plena noite,Ceu Claro,Simples ,Urbano,Motocicletas,Ferido Leve ,38.0,Masculino
564244,07/08/2009,RN,304,MOSSORO,Outras,Colisão frontal,Com Vítimas Feridas,Plena noite,Ceu Claro,Simples ,Urbano,Motocicletas,Ferido Leve ,32.0,Masculino
564297,30/07/2009,RN,101,GOIANINHA,Falta de atenção,Colisão traseira,Sem Vítimas        ,Pleno dia,Ceu Claro,Simples ,Rural ,Automóvel,Ileso       ,39.0,Masculino
564297,30/07/2009,RN,101,GOIANINHA,Falta de atenção,Colisão traseira,Sem Vítimas        ,Pleno dia,Ceu Claro,Simples ,Rural ,Camioneta,Ileso       ,68.0,Masculino
564307,05/08/2009,RN,101,ARES,Não guardar distância de segurança,Colisão lateral,Sem Vítimas        ,Pleno dia,Chuva,Simples ,Rural ,Automóvel,Ileso       ,34.0,Masculino
564307,05/08/2009,RN,101,ARES,Não guardar distância de segurança,Colisão lateral,Sem Vítimas        ,Pleno dia,Chuva,Simples ,Rural ,Caminhão-Trator,Ileso       ,57.0,Masculino
564379,07/08/2009,RN,304,MACAIBA,Outras,Derramamento de Carga,Sem Vítimas        ,Pleno dia,Ceu Claro,Dupla   ,Rural ,Caminhão-Trator,Ileso       ,39.0,Masculino
564399,04/08/2009,RN,101,NATAL,Outras,Colisão Transversal,Sem Vítimas        ,Pleno dia,Ceu Claro,Dupla   ,Urbano,Automóvel,Ileso       ,-1.0,Masculino
564399,04/08/2009,RN,101,NATAL,Outras,Colisão Transversal,Sem Vítimas        ,Pleno dia,Ceu Claro,Dupla   ,Urbano,Caminhonete,Ileso       ,25.0,Masculino
564425,30/07/2009,RN,304,MOSSORO,Desobediência à sinalização,Colisão Transversal,Com Vítimas Feridas,Plena noite,Ceu Claro,Simples ,Urbano,Motocicletas,Ignorado    ,-1.0,Inválido
564425,30/07/2009,RN,304,MOSSORO,Desobediência à sinalização,Colisão Transversal,Com Vítimas Feridas,Plena noite,Ceu Claro,Simples ,Urbano,Automóvel,Ignorado    ,-1.0,Inválido
564425,30/07/2009,RN,304,MOSSORO,Desobediência à sinalização,Colisão Transversal,Com Vítimas Feridas,Plena noite,Ceu Claro,Simples ,Urbano,Motocicletas,Ferido Leve ,21.0,Feminino
564428,04/08/2009,RN,101,NATAL,Não guardar distância de segurança,Colisão traseira,Sem Vítimas        ,Plena noite,Ceu Claro,Múltipla,Urbano,Automóvel,Ileso       ,35.0,Masculino
564428,04/08/2009,RN,101,NATAL,Não guardar distância de segurança,Colisão traseira,Sem Vítimas        ,Plena noite,Ceu Claro,Múltipla,Urbano,Automóvel,Ileso       ,37.0,Masculino
564459,04/08/2009,RN,101,PARNAMIRIM,Defeito mecânico em veículo,Colisão traseira,Sem Vítimas        ,Pleno dia,Chuva,Dupla   ,Urbano,Automóvel,Ileso       ,27.0,Masculino
564459,04/08/2009,RN,101,PARNAMIRIM,Defeito mecânico em veículo,Colisão traseira,Sem Vítimas        ,Pleno dia,Chuva,Dupla   ,Urbano,Automóvel,Ileso       ,30.0,Masculino
564459,04/08/2009,RN,101,PARNAMIRIM,Defeito mecânico em veículo,Colisão traseira,Sem Vítimas        ,Pleno dia,Chuva,Dupla   ,Urbano,Caminhão,Ileso       ,21.0,Masculino
564468,03/08/2009,RN,226,SANTA CRUZ,Outras,Colisão frontal,Com Vítimas Feridas,Plena noite,Ceu Claro,Simples ,Urbano,Caminhão,Ileso       ,40.0,Masculino
564468,03/08/2009,RN,226,SANTA CRUZ,Outras,Colisão frontal,Com Vítimas Feridas,Plena noite,Ceu Claro,Simples ,Urbano,Motocicletas,Ferido Grave,40.0,Masculino
564468,03/08/2009,RN,226,SANTA CRUZ,Outras,Colisão frontal,Com Vítimas Feridas,Plena noite,Ceu Claro,Simples ,Urbano,Motocicletas,Ferido Grave,65.0,Masculino
564538,07/08/2009,RN,101,PARNAMIRIM,Outras,Colisão com objeto fixo,Com Vítimas Feridas,Pleno dia,Ceu Claro,Dupla   ,Rural ,Automóvel,Ferido Leve ,-1.0,Masculino
564598,07/08/2009,RN,101,NATAL,Falta de atenção,Colisão Transversal,Sem Vítimas        ,Pleno dia,Nublado,Dupla   ,Urbano,Automóvel,Ileso       ,27.0,Masculino
564598,07/08/2009,RN,101,NATAL,Falta de atenção,Colisão Transversal,Sem Vítimas        ,Pleno dia,Nublado,Dupla   ,Urbano,Caminhão,Ileso       ,47.0,Masculino
564661,07/08/2009,RN,304,SANTA MARIA,Defeito na via,Colisão traseira,Com Vítimas Feridas,Pleno dia,Ceu Claro,Simples ,Rural ,Motocicletas,Ferido Leve ,43.0,Feminino
564661,07/08/2009,RN,304,SANTA MARIA,Defeito na via,Colisão traseira,Com Vítimas Feridas,Pleno dia,Ceu Claro,Simples ,Rural ,Automóvel,Ileso       ,47.0,Feminino
564744,08/08/2009,RN,406,TAIPU,Falta de atenção,Capotamento,Com Vítimas Feridas,Plena noite,Ceu Claro,Simples ,Rural ,Automóvel,Ferido Grave,20.0,Masculino
564744,08/08/2009,RN,406,TAIPU,Falta de atenção,Capotamento,Com Vítimas Feridas,Plena noite,Ceu Claro,Simples ,Rural ,Automóvel,Ferido Grave,27.0,Masculino
564744,08/08/2009,RN,406,TAIPU,Falta de atenção,Capotamento,Com Vítimas Feridas,Plena noite,Ceu Claro,Simples ,Rural ,Automóvel,Ferido Grave,17.0,Masculino
564795,07/08/2009,RN,110,MOSSORO,Outras,Colisão com objeto fixo,Sem Vítimas        ,Anoitecer,Ceu Claro,Simples ,Urbano,Automóvel,Ileso       ,-1.0,Masculino
564817,01/08/2009,RN,101,PARNAMIRIM,Falta de atenção,Colisão traseira,Com Vítimas Feridas,Plena noite,Ceu Claro,Dupla   ,Urbano,Automóvel,Ileso       ,24.0,Masculino
564817,01/08/2009,RN,101,PARNAMIRIM,Falta de atenção,Colisão traseira,Com Vítimas Feridas,Plena noite,Ceu Claro,Dupla   ,Urbano,Bicicleta,Ferido Grave,-1.0,Masculino
564892,08/08/2009,RN,110,MOSSORO,Falta de atenção,Colisão Transversal,Com Vítimas Feridas,Pleno dia,Ceu Claro,Simples ,Urbano,Motocicletas,Ferido Leve ,27.0,Masculino
564892,08/08/2009,RN,110,MOSSORO,Falta de atenção,Colisão Transversal,Com Vítimas Feridas,Pleno dia,Ceu Claro,Simples ,Urbano,Motocicletas,Ferido Grave,23.0,Masculino
564911,05/08/2009,RN,101,PARNAMIRIM,Não guardar distância de segurança,Colisão traseira,Sem Vítimas        ,Amanhecer,Sol,Dupla   ,Urbano,Automóvel,Ileso       ,38.0,Feminino
564911,05/08/2009,RN,101,PARNAMIRIM,Não guardar distância de segurança,Colisão traseira,Sem Vítimas        ,Amanhecer,Sol,Dupla   ,Urbano,Caminhão,Ileso       ,34.0,Masculino
564918,08/08/2009,RN,101,NATAL,Outras,Colisão lateral,Sem Vítimas        ,Pleno dia,Ceu Claro,Dupla   ,Urbano,Caminhão,Ileso       ,30.0,Masculino
564918,08/08/2009,RN,101,NATAL,Outras,Colisão lateral,Sem Vítimas        ,Pleno dia,Ceu Claro,Dupla   ,Urbano,Caminhonete,Ileso       ,67.0,Masculino
565005,08/08/2009,RN,406,CEARA-MIRIM,Defeito mecânico em veículo,Incêndio,Sem Vítimas        ,Pleno dia,Ceu Claro,Simples ,Rural ,Automóvel,Ileso       ,34.0,Feminino
565098,07/08/2009,RN,101,PARNAMIRIM,Falta de atenção,Colisão traseira,Sem Vítimas        ,Pleno dia,Ceu Claro,Dupla   ,Urbano,Automóvel,Ileso       ,67.0,Masculino
565098,07/08/2009,RN,101,PARNAMIRIM,Falta de atenção,Colisão traseira,Sem Vítimas        ,Pleno dia,Ceu Claro,Dupla   ,Urbano,Caminhonete,Ileso       ,21.0,Masculino
565163,09/08/2009,RN,101,NATAL,Outras,Saída de Pista,Sem Vítimas        ,Plena noite,Ceu Claro,Dupla   ,Rural ,Caminhonete,Ileso       ,28.0,Masculino
565212,07/08/2009,RN,101,NATAL,Outras,Colisão Transversal,Com Vítimas Feridas,Plena noite,Chuva,Dupla   ,Urbano,Automóvel,Ferido Leve ,27.0,Masculino
565212,07/08/2009,RN,101,NATAL,Outras,Colisão Transversal,Com Vítimas Feridas,Plena noite,Chuva,Dupla   ,Urbano,Automóvel,Ferido Leve ,28.0,Masculino
565249,07/08/2009,RN,101,PARNAMIRIM,Falta de atenção,Colisão lateral,Sem Vítimas        ,Pleno dia,Ceu Claro,Dupla   ,Urbano,Automóvel,Ileso       ,27.0,Feminino
565249,07/08/2009,RN,101,PARNAMIRIM,Falta de atenção,Colisão lateral,Sem Vítimas        ,Pleno dia,Ceu Claro,Dupla   ,Urbano,Automóvel,Ileso       ,30.0,Masculino
565324,09/08/2009,RN,101,NATAL,Não guardar distância de segurança,Colisão traseira,Sem Vítimas        ,Pleno dia,Chuva,Dupla   ,Urbano,Automóvel,Ileso       ,42.0,Feminino
565324,09/08/2009,RN,101,NATAL,Não guardar distância de segurança,Colisão traseira,Sem Vítimas        ,Pleno dia,Chuva,Dupla   ,Urbano,Automóvel,Ignorado    ,-1.0,Inválido
565329,09/08/2009,RN,304,MACAIBA,Defeito na via,Capotamento,Com Vítimas Fatais ,Pleno dia,Nublado,Simples ,Rural ,Automóvel,Ferido Grave,40.0,Masculino
565329,09/08/2009,RN,304,MACAIBA,Defeito na via,Capotamento,Com Vítimas Fatais ,Pleno dia,Nublado,Simples ,Rural ,Automóvel,Ileso       ,30.0,Masculino
565329,09/08/2009,RN,304,MACAIBA,Defeito na via,Capotamento,Com Vítimas Fatais ,Pleno dia,Nublado,Simples ,Rural ,Automóvel,Morto       ,36.0,Feminino
565336,09/08/2009,RN,101,NATAL,Ingestão de álcool,Colisão traseira,Com Vítimas Feridas,Pleno dia,Chuva,Dupla   ,Urbano,Automóvel,Ileso       ,26.0,Masculino
565336,09/08/2009,RN,101,NATAL,Ingestão de álcool,Colisão traseira,Com Vítimas Feridas,Pleno dia,Chuva,Dupla   ,Urbano,Motocicletas,Ferido Grave,38.0,Masculino
565338,09/08/2009,RN,101,NATAL,Outras,Tombamento,Com Vítimas Feridas,Pleno dia,Chuva,Dupla   ,Urbano,Microônibus,Ileso       ,34.0,Feminino
565338,09/08/2009,RN,101,NATAL,Outras,Tombamento,Com Vítimas Feridas,Pleno dia,Chuva,Dupla   ,Urbano,Microônibus,Ferido Leve ,26.0,Masculino
565340,08/08/2009,RN,101,SAO GONCALO DO AMARANTE,Falta de atenção,Colisão lateral,Com Vítimas Feridas,Pleno dia,Ceu Claro,Dupla   ,Urbano,Motocicletas,Ferido Leve ,25.0,Masculino
565340,08/08/2009,RN,101,SAO GONCALO DO AMARANTE,Falta de atenção,Colisão lateral,Com Vítimas Feridas,Pleno dia,Ceu Claro,Dupla   ,Urbano,Automóvel,Ignorado    ,-1.0,Inválido
565343,09/08/2009,RN,101,NATAL,Não guardar distância de segurança,Colisão traseira,Sem Vítimas        ,Pleno dia,Chuva,Dupla   ,Urbano,Automóvel,Ileso       ,32.0,Feminino
565343,09/08/2009,RN,101,NATAL,Não guardar distância de segurança,Colisão traseira,Sem Vítimas        ,Pleno dia,Chuva,Dupla   ,Urbano,Automóvel,Ileso       ,26.0,Masculino
565410,09/08/2009,RN,101,NATAL,Não guardar distância de segurança,Colisão traseira,Sem Vítimas        ,Pleno dia,Chuva,Dupla   ,Urbano,Caminhonete,Ileso       ,57.0,Feminino
565410,09/08/2009,RN,101,NATAL,Não guardar distância de segurança,Colisão traseira,Sem Vítimas        ,Pleno dia,Chuva,Dupla   ,Urbano,Automóvel,Ileso       ,37.0,Masculino
565438,09/08/2009,RN,110,MOSSORO,Não guardar distância de segurança,Colisão traseira,Sem Vítimas        ,Pleno dia,Chuva,Simples ,Rural ,Automóvel,Ileso       ,37.0,Masculino
565438,09/08/2009,RN,110,MOSSORO,Não guardar distância de segurança,Colisão traseira,Sem Vítimas        ,Pleno dia,Chuva,Simples ,Rural ,Caminhão,Ileso       ,35.0,Masculino
565482,06/08/2009,RN,101,PARNAMIRIM,Não guardar distância de segurança,Colisão traseira,Sem Vítimas        ,Pleno dia,Ceu Claro,Dupla   ,Urbano,Automóvel,Ileso       ,65.0,Feminino
565482,06/08/2009,RN,101,PARNAMIRIM,Não guardar distância de segurança,Colisão traseira,Sem Vítimas        ,Pleno dia,Ceu Claro,Dupla   ,Urbano,Automóvel,Ileso       ,28.0,Feminino
565502,06/08/2009,RN,101,NATAL,Não guardar distância de segurança,Colisão traseira,Sem Vítimas        ,Pleno dia,Nublado,Dupla   ,Urbano,Automóvel,Ileso       ,44.0,Feminino
565502,06/08/2009,RN,101,NATAL,Não guardar distância de segurança,Colisão traseira,Sem Vítimas        ,Pleno dia,Nublado,Dupla   ,Urbano,Automóvel,Ileso       ,28.0,Masculino
565587,09/08/2009,RN,304,MACAIBA,Outras,Saída de Pista,Com Vítimas Feridas,Anoitecer,Chuva,Simples ,Rural ,Caminhão-Trator,Ferido Leve ,57.0,Masculino
565696,06/08/2009,RN,304,MOSSORO,Não guardar distância de segurança,Colisão traseira,Com Vítimas Feridas,Anoitecer,Ceu Claro,Simples ,Urbano,Motocicletas,Ferido Leve ,19.0,Masculino
565696,06/08/2009,RN,304,MOSSORO,Não guardar distância de segurança,Colisão traseira,Com Vítimas Feridas,Anoitecer,Ceu Claro,Simples ,Urbano,Automóvel,Ileso       ,30.0,Feminino
565708,08/08/2009,RN,101,NATAL,Falta de atenção,Colisão traseira,Sem Vítimas        ,Pleno dia,Chuva,Dupla   ,Urbano,Automóvel,Ileso       ,26.0,Masculino
565708,08/08/2009,RN,101,NATAL,Falta de atenção,Colisão traseira,Sem Vítimas        ,Pleno dia,Chuva,Dupla   ,Urbano,Automóvel,Ileso       ,56.0,Masculino
565746,08/08/2009,RN,226,NATAL,Falta de atenção,Colisão traseira,Com Vítimas Feridas,Plena noite,Nevoeiro/neblina,Simples ,Urbano,Automóvel,Ileso       ,25.0,Masculino
565746,08/08/2009,RN,226,NATAL,Falta de atenção,Colisão traseira,Com Vítimas Feridas,Plena noite,Nevoeiro/neblina,Simples ,Urbano,Ciclomotor,Ferido Leve ,31.0,Masculino
565841,10/08/2009,RN,406,JOAO CAMARA,Outras,Capotamento,Com Vítimas Feridas,Pleno dia,Ceu Claro,Simples ,Rural ,Caminhão,Ferido Grave,36.0,Masculino
565866,06/08/2009,RN,101,SAO JOSE DE MIPIBU,Outras,Capotamento,Sem Vítimas        ,Pleno dia,Ceu Claro,Dupla   ,Rural ,Camioneta,Ileso       ,37.0,Masculino
565869,01/08/2009,RN,406,JOAO CAMARA,Outras,Colisão frontal,Sem Vítimas        ,Plena noite,Ceu Claro,Simples ,Urbano,Caminhonete,Ileso       ,40.0,Masculino
565869,01/08/2009,RN,406,JOAO CAMARA,Outras,Colisão frontal,Sem Vítimas        ,Plena noite,Ceu Claro,Simples ,Urbano,Automóvel,Ignorado    ,-1.0,Inválido
565880,10/08/2009,RN,101,NATAL,Desobediência à sinalização,Colisão Transversal,Com Vítimas Feridas,Pleno dia,Ceu Claro,Dupla   ,Urbano,Motocicletas,Ferido Leve ,28.0,Masculino
565880,10/08/2009,RN,101,NATAL,Desobediência à sinalização,Colisão Transversal,Com Vítimas Feridas,Pleno dia,Ceu Claro,Dupla   ,Urbano,Automóvel,Ileso       ,49.0,Feminino
566042,10/08/2009,RN,101,PARNAMIRIM,Outras,Colisão traseira,Com Vítimas Feridas,Plena noite,Ceu Claro,Dupla   ,Urbano,Automóvel,Ileso       ,49.0,Masculino
566042,10/08/2009,RN,101,PARNAMIRIM,Outras,Colisão traseira,Com Vítimas Feridas,Plena noite,Ceu Claro,Dupla   ,Urbano,Motocicletas,Ferido Grave,25.0,Masculino
566049,10/08/2009,RN,101,NATAL,Falta de atenção,Colisão traseira,Sem Vítimas        ,Pleno dia,Ceu Claro,Dupla   ,Urbano,Caminhonete,Ileso       ,27.0,Masculino
566049,10/08/2009,RN,101,NATAL,Falta de atenção,Colisão traseira,Sem Vítimas        ,Pleno dia,Ceu Claro,Dupla   ,Urbano,Automóvel,Ileso       ,37.0,Feminino