id,data_inversa,uf,br,municipio,causa_acidente,tipo_acidente,classificacao_acidente,fase_dia,condicao_metereologica,tipo_pista,uso_solo,tipo_veiculo,estado_fisico,idade,sexo
572743,25/08/2009,RN,101,NATAL,Velocidade incompatível,Colisão traseira,Sem Vítimas        ,Pleno dia,Nublado,Dupla   ,Urbano,Automóvel,Ileso       ,23.0,Feminino
572792,22/08/2009,RN,101,PARNAMIRIM,Ingestão de álcool,Colisão Transversal,Com Vítimas Feridas,Plena noite,Ceu Claro,Dupla   ,Urbano,Automóvel,Ferido Leve ,28.0,Masculino
572792,22/08/2009,RN,101,PARNAMIRIM,Ingestão de álcool,Colisão Transversal,Com Vítimas Feridas,Plena noite,Ceu Claro,Dupla   ,Urbano,Microônibus,Ileso       ,33.0,Masculino
572792,22/08/2009,RN,101,PARNAMIRIM,Ingestão de álcool,Colisão Transversal,Com Vítimas Feridas,Plena noite,Ceu Claro,Dupla   ,Urbano,Automóvel,Ileso       ,32.0,Masculino
572792,22/08/2009,RN,101,PARNAMIRIM,Ingestão de álcool,Colisão Transversal,Com Vítimas Feridas,Plena noite,Ceu Claro,Dupla   ,Urbano,Automóvel,Ferido Leve ,3.0,Feminino
572792,22/08/2009,RN,101,PARNAMIRIM,Ingestão de álcool,Colisão Transversal,Com Vítimas Feridas,Plena noite,Ceu Claro,Dupla   ,Urbano,Automóvel,Ferido Grave,27.0,Feminino
572821,21/08/2009,RN,304,SANTA MARIA,Outras,Colisão frontal,Com Vítimas Feridas,Pleno dia,Sol,Simples ,Urbano,Automóvel,Ileso       ,37.0,Masculino
572821,21/08/2009,RN,304,SANTA MARIA,Outras,Colisão frontal,Com Vítimas Feridas,Pleno dia,Sol,Simples ,Urbano,Motocicletas,Ferido Leve ,-1.0,Masculino
572828,25/08/2009,RN,304,IPANGUACU,Falta de atenção,Colisão traseira,Sem Vítimas        ,Pleno dia,Sol,Simples ,Urbano,Caminhonete,Ileso       ,38.0,Masculino
572828,25/08/2009,RN,304,IPANGUACU,Falta de atenção,Colisão traseira,Sem Vítimas        ,Pleno dia,Sol,Simples ,Urbano,Automóvel,Ileso       ,54.0,Masculino
572933,26/08/2009,RN,101,NATAL,Outras,Colisão lateral,Sem Vítimas        ,Plena noite,Chuva,Dupla   ,Urbano,Ônibus,Ileso       ,34.0,Masculino
572933,26/08/2009,RN,101,NATAL,Outras,Colisão lateral,Sem Vítimas        ,Plena noite,Chuva,Dupla   ,Urbano,Automóvel,Ileso       ,78.0,Masculino
572941,25/08/2009,RN,101,NATAL,Falta de atenção,Colisão lateral,Sem Vítimas        ,Plena noite,Chuva,Múltipla,Urbano,Automóvel,Ileso       ,31.0,Masculino
572941,25/08/2009,RN,101,NATAL,Falta de atenção,Colisão lateral,Sem Vítimas        ,Plena noite,Chuva,Múltipla,Urbano,Ônibus,Ileso       ,46.0,Masculino
573013,26/08/2009,RN,406,CEARA-MIRIM,Falta de atenção,Colisão lateral,Sem Vítimas        ,Pleno dia,Chuva,Simples ,Urbano,Automóvel,Ileso       ,41.0,Feminino
573013,26/08/2009,RN,406,CEARA-MIRIM,Falta de atenção,Colisão lateral,Sem Vítimas        ,Pleno dia,Chuva,Simples ,Urbano,Automóvel,Ileso       ,33.0,Masculino
573029,22/08/2009,RN,226,CURRAIS NOVOS,Defeito mecânico em veículo,Capotamento,Com Vítimas Feridas,Pleno dia,Nublado,Simples ,Rural ,Caminhonete,Ileso       ,30.0,Masculino
573029,22/08/2009,RN,226,CURRAIS NOVOS,Defeito mecânico em veículo,Capotamento,Com Vítimas Feridas,Pleno dia,Nublado,Simples ,Rural ,Caminhonete,Ferido Grave,27.0,Feminino
573032,24/08/2009,RN,226,SANTA CRUZ,Desobediência à sinalização,Colisão Transversal,Com Vítimas Feridas,Plena noite,Ceu Claro,Simples ,Urbano,Automóvel,Ileso       ,33.0,Masculino
573032,24/08/2009,RN,226,SANTA CRUZ,Desobediência à sinalização,Colisão Transversal,Com Vítimas Feridas,Plena noite,Ceu Claro,Simples ,Urbano,Motocicletas,Ferido Grave,34.0,Masculino
573051,06/08/2009,RN,101,NATAL,Velocidade incompatível,Colisão traseira,Com Vítimas Feridas,Plena noite,Ceu Claro,Dupla   ,Urbano,Automóvel,Ferido Leve ,20.0,Masculino
573051,06/08/2009,RN,101,NATAL,Velocidade incompatível,Colisão traseira,Com Vítimas Feridas,Plena noite,Ceu Claro,Dupla   ,Urbano,Automóvel,Ferido Leve ,16.0,Masculino
573051,06/08/2009,RN,101,NATAL,Velocidade incompatível,Colisão traseira,Com Vítimas Feridas,Plena noite,Ceu Claro,Dupla   ,Urbano,(null),Ferido Grave,-1.0,Feminino
573051,06/08/2009,RN,101,NATAL,Velocidade incompatível,Colisão traseira,Com Vítimas Feridas,Plena noite,Ceu Claro,Dupla   ,Urbano,(null),Ferido Leve ,32.0,Masculino
573051,06/08/2009,RN,101,NATAL,Velocidade incompatível,Colisão traseira,Com Vítimas Feridas,Plena noite,Ceu Claro,Dupla   ,Urbano,Automóvel,Ferido Leve ,65.0,Masculino
573051,06/08/2009,RN,101,NATAL,Velocidade incompatível,Colisão traseira,Com Vítimas Feridas,Plena noite,Ceu Claro,Dupla   ,Urbano,Automóvel,Ferido Leve ,31.0,Feminino
573051,06/08/2009,RN,101,NATAL,Velocidade incompatível,Colisão traseira,Com Vítimas Feridas,Plena noite,Ceu Claro,Dupla   ,Urbano,Automóvel,Ferido Leve ,4.0,Masculino
573051,06/08/2009,RN,101,NATAL,Velocidade incompatível,Colisão traseira,Com Vítimas Feridas,Plena noite,Ceu Claro,Dupla   ,Urbano,Automóvel,Ferido Leve ,55.0,Feminino
573057,25/08/2009,RN,226,SANTA CRUZ,Outras,Queda de motocicleta / bicicleta / veículo,Com Vítimas Feridas,Plena noite,Ceu Claro,Simples ,Urbano,Motocicletas,Ferido Leve ,23.0,Masculino
573070,26/08/2009,RN,101,NATAL,Falta de atenção,Colisão traseira,Sem Vítimas        ,Pleno dia,Chuva,Dupla   ,Urbano,Automóvel,Ileso       ,28.0,Masculino
573070,26/08/2009,RN,101,NATAL,Falta de atenção,Colisão traseira,Sem Vítimas        ,Pleno dia,Chuva,Dupla   ,Urbano,Automóvel,Ileso       ,28.0,Feminino
573070,26/08/2009,RN,101,NATAL,Falta de atenção,Colisão traseira,Sem Vítimas        ,Pleno dia,Chuva,Dupla   ,Urbano,Automóvel,Ileso       ,23.0,Feminino
573077,26/08/2009,RN,101,PARNAMIRIM,Falta de atenção,Colisão traseira,Sem Vítimas        ,Pleno dia,Chuva,Dupla   ,Urbano,Automóvel,Ileso       ,24.0,Masculino
573077,26/08/2009,RN,101,PARNAMIRIM,Falta de atenção,Colisão traseira,Sem Vítimas        ,Pleno dia,Chuva,Dupla   ,Urbano,Automóvel,Ileso       ,37.0,Masculino
573086,26/08/2009,RN,101,PARNAMIRIM,Outras,Colisão traseira,Sem Vítimas        ,Pleno dia,Chuva,Dupla   ,Urbano,Caminhão,Ileso       ,30.0,Masculino
573086,26/08/2009,RN,101,PARNAMIRIM,Outras,Colisão traseira,Sem Vítimas        ,Pleno dia,Chuva,Dupla   ,Urbano,Automóvel,Ileso       ,25.0,Feminino
573086,26/08/2009,RN,101,PARNAMIRIM,Outras,Colisão traseira,Sem Vítimas        ,Pleno dia,Chuva,Dupla   ,Urbano,Ônibus,Ignorado    ,-1.0,Inválido
573104,20/08/2009,RN,101,PARNAMIRIM,Não guardar distância de segurança,Colisão traseira,Sem Vítimas        ,Plena noite,Ceu Claro,Dupla   ,Rural ,Ônibus,Ileso       ,37.0,Masculino
573104,20/08/2009,RN,101,PARNAMIRIM,Não guardar distância de segurança,Colisão traseira,Sem Vítimas        ,Plena noite,Ceu Claro,Dupla   ,Rural ,Automóvel,Ileso       ,44.0,Feminino
573104,20/08/2009,RN,101,PARNAMIRIM,Não guardar distância de segurança,Colisão traseira,Sem Vítimas        ,Plena noite,Ceu Claro,Dupla   ,Rural ,Microônibus,Ileso       ,29.0,Masculino
573122,26/08/2009,RN,101,NATAL,Outras,Colisão lateral,Sem Vítimas        ,Pleno dia,Nublado,Múltipla,Urbano,Automóvel,Ileso       ,33.0,Masculino
573122,26/08/2009,RN,101,NATAL,Outras,Colisão lateral,Sem Vítimas        ,Pleno dia,Nublado,Múltipla,Urbano,Automóvel,Ileso       ,38.0,Feminino
573249,26/08/2009,RN,304,MOSSORO,Outras,Colisão Transversal,Sem Vítimas        ,Pleno dia,Chuva,Simples ,Urbano,Automóvel,Ileso       ,26.0,Masculino
573249,26/08/2009,RN,304,MOSSORO,Outras,Colisão Transversal,Sem Vítimas        ,Pleno dia,Chuva,Simples ,Urbano,Caminhonete,Ileso       ,50.0,Masculino
573258,26/08/2009,RN,304,ASSU,Falta de atenção,Capotamento,Sem Vítimas        ,Plena noite,Chuva,Simples ,Urbano,Automóvel,Ileso       ,24.0,Masculino
573307,26/08/2009,RN,101,NATAL,Falta de atenção,Colisão traseira,Sem Vítimas        ,Pleno dia,Chuva,Dupla   ,Urbano,Automóvel,Ileso       ,33.0,Feminino
573307,26/08/2009,RN,101,NATAL,Falta de atenção,Colisão traseira,Sem Vítimas        ,Pleno dia,Chuva,Dupla   ,Urbano,Automóvel,Ileso       ,48.0,Feminino
573327,22/08/2009,RN,406,JOAO CAMARA,Falta de atenção,Colisão Transversal,Com Vítimas Fatais ,Pleno dia,Ceu Claro,Simples ,Rural ,Automóvel,Ileso       ,-1.0,Masculino
573327,22/08/2009,RN,406,JOAO CAMARA,Falta de atenção,Colisão Transversal,Com Vítimas Fatais ,Pleno dia,Ceu Claro,Simples ,Rural ,Motocicletas,Morto       ,-1.0,Masculino
573327,22/08/2009,RN,406,JOAO CAMARA,Falta de atenção,Colisão Transversal,Com Vítimas Fatais ,Pleno dia,Ceu Claro,Simples ,Rural ,Motocicletas,Ferido Grave,-1.0,Masculino
573438,20/08/2009,RN,304,MOSSORO,Falta de atenção,Colisão com bicicleta,Com Vítimas Feridas,Plena noite,Ceu Claro,Simples ,Urbano,Caminhão-Trator,Ileso       ,35.0,Masculino
573438,20/08/2009,RN,304,MOSSORO,Falta de atenção,Colisão com bicicleta,Com Vítimas Feridas,Plena noite,Ceu Claro,Simples ,Urbano,Bicicleta,Ferido Leve ,38.0,Masculino
573493,23/08/2009,RN,110,MOSSORO,Ingestão de álcool,Colisão lateral,Com Vítimas Feridas,Plena noite,Ceu Claro,Simples ,Rural ,Automóvel,Ileso       ,53.0,Masculino
573493,23/08/2009,RN,110,MOSSORO,Ingestão de álcool,Colisão lateral,Com Vítimas Feridas,Plena noite,Ceu Claro,Simples ,Rural ,Motocicletas,Ferido Grave,32.0,Masculino
573511,23/08/2009,RN,406,SAO GONCALO DO AMARANTE,Falta de atenção,Colisão Transversal,Sem Vítimas        ,Pleno dia,Ceu Claro,Simples ,Urbano,Automóvel,Ileso       ,24.0,Masculino
573511,23/08/2009,RN,406,SAO GONCALO DO AMARANTE,Falta de atenção,Colisão Transversal,Sem Vítimas        ,Pleno dia,Ceu Claro,Simples ,Urbano,Automóvel,Ignorado    ,-1.0,Inválido
573703,27/08/2009,RN,101,SAO GONCALO DO AMARANTE,Outras,Colisão com bicicleta,Com Vítimas Feridas,Plena noite,Ceu Claro,Dupla   ,Urbano,Ônibus,Ileso       ,32.0,Masculino
573703,27/08/2009,RN,101,SAO GONCALO DO AMARANTE,Outras,Colisão com bicicleta,Com Vítimas Feridas,Plena noite,Ceu Claro,Dupla   ,Urbano,Bicicleta,Ferido Leve ,30.0,Masculino
573718,27/08/2009,RN,101,NATAL,Falta de atenção,Colisão lateral,Sem Vítimas        ,Pleno dia,Ceu Claro,Dupla   ,Urbano,Automóvel,Ileso       ,47.0,Masculino
573718,27/08/2009,RN,101,NATAL,Falta de atenção,Colisão lateral,Sem Vítimas        ,Pleno dia,Ceu Claro,Dupla   ,Urbano,Caminhão,Ignorado    ,-1.0,Inválido
573731,18/08/2009,RN,101,GOIANINHA,Falta de atenção,Colisão lateral,Sem Vítimas        ,Pleno dia,Ceu Claro,Simples ,Urbano,Automóvel,Ileso       ,62.0,Masculino
573731,18/08/2009,RN,101,GOIANINHA,Falta de atenção,Colisão lateral,Sem Vítimas        ,Pleno dia,Ceu Claro,Simples ,Urbano,Caminhão,Ileso       ,51.0,Masculino
573738,27/08/2009,RN,304,MOSSORO,Animais na Pista,Atropelamento de animal,Sem Vítimas        ,Plena noite,Ceu Claro,Simples ,Rural ,Caminhonete,Ileso       ,27.0,Masculino
573742,22/08/2009,RN,101,NATAL,Não guardar distância de segurança,Colisão traseira,Sem Vítimas        ,Pleno dia,Ceu Claro,Múltipla,Urbano,Utilitário,Ileso       ,28.0,Masculino
573742,22/08/2009,RN,101,NATAL,Não guardar distância de segurança,Colisão traseira,Sem Vítimas        ,Pleno dia,Ceu Claro,Múltipla,Urbano,Automóvel,Ileso       ,28.0,Feminino
573805,27/08/2009,RN,226,CURRAIS NOVOS,Não guardar distância de segurança,Queda de motocicleta / bicicleta / veículo,Com Vítimas Feridas,Anoitecer,Ceu Claro,Simples ,Rural ,Motocicletas,Ferido Grave,58.0,Masculino
573805,27/08/2009,RN,226,CURRAIS NOVOS,Não guardar distância de segurança,Queda de motocicleta / bicicleta / veículo,Com Vítimas Feridas,Anoitecer,Ceu Claro,Simples ,Rural ,Não identificado,Ignorado    ,-1.0,Inválido
573808,27/08/2009,RN,101,PARNAMIRIM,Não guardar distância de segurança,Colisão traseira,Sem Vítimas        ,Pleno dia,Sol,Dupla   ,Urbano,Automóvel,Ileso       ,40.0,Masculino
573808,27/08/2009,RN,101,PARNAMIRIM,Não guardar distância de segurança,Colisão traseira,Sem Vítimas        ,Pleno dia,Sol,Dupla   ,Urbano,Automóvel,Ileso       ,46.0,Feminino
573923,13/08/2009,RN,304,MOSSORO,Desobediência à sinalização,Colisão Transversal,Com Vítimas Feridas,Pleno dia,Ceu Claro,Simples ,Urbano,Motocicletas,Ileso       ,42.0,Masculino
573923,13/08/2009,RN,304,MOSSORO,Desobediência à sinalização,Colisão Transversal,Com Vítimas Feridas,Pleno dia,Ceu Claro,Simples ,Urbano,Motocicletas,Ferido Leve ,-1.0,Feminino
573923,13/08/2009,RN,304,MOSSORO,Desobediência à sinalização,Colisão Transversal,Com Vítimas Feridas,Pleno dia,Ceu Claro,Simples ,Urbano,Motocicletas,Ignorado    ,-1.0,Inválido
573949,26/08/2009,RN,304,ASSU,Defeito mecânico em veículo,Incêndio,Sem Vítimas        ,Pleno dia,Chuva,Simples ,Rural ,Caminhão,Ileso       ,61.0,Masculino
574064,28/08/2009,RN,101,NATAL,Falta de atenção,Colisão traseira,Sem Vítimas        ,Pleno dia,Sol,Múltipla,Urbano,Caminhonete,Ileso       ,40.0,Masculino
574064,28/08/2009,RN,101,NATAL,Falta de atenção,Colisão traseira,Sem Vítimas        ,Pleno dia,Sol,Múltipla,Urbano,Ônibus,Ignorado    ,-1.0,Masculino
574096,13/08/2009,RN,101,PARNAMIRIM,Falta de atenção,Colisão lateral,Sem Vítimas        ,Plena noite,Ceu Claro,Dupla   ,Urbano,Caminhão,Ileso       ,48.0,Masculino
574096,13/08/2009,RN,101,PARNAMIRIM,Falta de atenção,Colisão lateral,Sem Vítimas        ,Plena noite,Ceu Claro,Dupla   ,Urbano,Automóvel,Ileso       ,27.0,Masculino
574270,28/08/2009,RN,101,SAO JOSE DE MIPIBU,Falta de atenção,Colisão traseira,Com Vítimas Fatais ,Plena noite,Ceu Claro,Dupla   ,Rural ,Automóvel,Ignorado    ,-1.0,Masculino
574270,28/08/2009,RN,101,SAO JOSE DE MIPIBU,Falta de atenção,Colisão traseira,Com Vítimas Fatais ,Plena noite,Ceu Claro,Dupla   ,Rural ,Motocicletas,Ferido Grave,21.0,Masculino
574270,28/08/2009,RN,101,SAO JOSE DE MIPIBU,Falta de atenção,Colisão traseira,Com Vítimas Fatais ,Plena noite,Ceu Claro,Dupla   ,Rural ,Motocicletas,Morto       ,-1.0,Feminino
574289,28/08/2009,RN,304,ASSU,Defeito mecânico em veículo,Incêndio,Sem Vítimas        ,Plena noite,Ceu Claro,Simples ,Rural ,Camioneta,Ileso       ,36.0,Masculino
574300,28/08/2009,RN,101,PARNAMIRIM,Falta de atenção,Colisão Transversal,Com Vítimas Feridas,Plena noite,Ceu Claro,Dupla   ,Urbano,Automóvel,Ileso       ,40.0,Masculino
574300,28/08/2009,RN,101,PARNAMIRIM,Falta de atenção,Colisão Transversal,Com Vítimas Feridas,Plena noite,Ceu Claro,Dupla   ,Urbano,Motoneta,Ferido Leve ,32.0,Feminino
574477,27/08/2009,RN,405,MOSSORO,Outras,Colisão com objeto fixo,Com Vítimas Fatais ,Plena noite,Ceu Claro,Dupla   ,Urbano,Motocicletas,Morto       ,31.0,Masculino
574601,26/08/2009,RN,101,NATAL,Não guardar distância de segurança,Colisão lateral,Sem Vítimas        ,Anoitecer,Nublado,Dupla   ,Urbano,Automóvel,Ileso       ,31.0,Masculino
574601,26/08/2009,RN,101,NATAL,Não guardar distância de segurança,Colisão lateral,Sem Vítimas        ,Anoitecer,Nublado,Dupla   ,Urbano,Ônibus,Ileso       ,37.0,Masculino
574603,28/08/2009,RN,101,NATAL,Não guardar distância de segurança,Colisão lateral,Sem Vítimas        ,Pleno dia,Ceu Claro,Dupla   ,Urbano,Ônibus,Ileso       ,35.0,Masculino
574603,28/08/2009,RN,101,NATAL,Não guardar distância de segurança,Colisão lateral,Sem Vítimas        ,Pleno dia,Ceu Claro,Dupla   ,Urbano,Caminhão,Ignorado    ,-1.0,Masculino
574635,29/08/2009,RN,101,NATAL,Falta de atenção,Colisão traseira,Sem Vítimas        ,Plena noite,Ceu Claro,Dupla   ,Urbano,Automóvel,Ileso       ,24.0,Masculino
574635,29/08/2009,RN,101,NATAL,Falta de atenção,Colisão traseira,Sem Vítimas        ,Plena noite,Ceu Claro,Dupla   ,Urbano,Automóvel,Ileso       ,56.0,Masculino
574648,29/08/2009,RN,101,PARNAMIRIM,Falta de atenção,Colisão traseira,Sem Vítimas        ,Pleno dia,Ceu Claro,Dupla   ,Urbano,Automóvel,Ileso       ,52.0,Feminino
574648,29/08/2009,RN,101,PARNAMIRIM,Falta de atenção,Colisão traseira,Sem Vítimas        ,Pleno dia,Ceu Claro,Dupla   ,Urbano,Caminhonete,Ileso       ,-1.0,Masculino
574650,29/08/2009,RN,101,NATAL,Falta de atenção,Colisão lateral,Com Vítimas Feridas,Plena noite,Ceu Claro,Dupla   ,Urbano,Automóvel,Ileso       ,32.0,Masculino
574650,29/08/2009,RN,101,NATAL,Falta de atenção,Colisão lateral,Com Vítimas Feridas,Plena noite,Ceu Claro,Dupla   ,Urbano,Motocicletas,Ferido Leve ,29.0,Masculino
574749,29/08/2009,RN,101,PARNAMIRIM,Não guardar distância de segurança,Colisão traseira,Sem Vítimas        ,Pleno dia,Ceu Claro,Múltipla,Urbano,Automóvel,Ileso       ,36.0,Feminino
574749,29/08/2009,RN,101,PARNAMIRIM,Não guardar distância de segurança,Colisão traseira,Sem Vítimas        ,Pleno dia,Ceu Claro,Múltipla,Urbano,Automóvel,Ignorado    ,-1.0,Masculino
574787,28/08/2009,RN,226,SANTA CRUZ,Não guardar distância de segurança,Colisão traseira,Com Vítimas Feridas,Pleno dia,Ceu Claro,Simples ,Rural ,Camioneta,Ileso       ,57.0,Masculino
574787,28/08/2009,RN,226,SANTA CRUZ,Não guardar distância de segurança,Colisão traseira,Com Vítimas Feridas,Pleno dia,Ceu Claro,Simples ,Rural ,Camioneta,Ileso       ,-1.0,Masculino
574787,28/08/2009,RN,226,SANTA CRUZ,Não guardar distância de segurança,Colisão traseira,Com Vítimas Feridas,Pleno dia,Ceu Claro,Simples ,Rural ,Camioneta,Ileso       ,-1.0,Masculino
574787,28/08/2009,RN,226,SANTA CRUZ,Não guardar distância de segurança,Colisão traseira,Com Vítimas Feridas,Pleno dia,Ceu Claro,Simples ,Rural ,Motocicletas,Ferido Leve ,19.0,Masculino
574834,20/08/2009,RN,101,NATAL,Outras,Colisão traseira,Sem Vítimas        ,Pleno dia,Ceu Claro,Dupla   ,Urbano,Automóvel,Ileso       ,52.0,Masculino
574834,20/08/2009,RN,101,NATAL,Outras,Colisão traseira,Sem Vítimas        ,Pleno dia,Ceu Claro,Dupla   ,Urbano,Automóvel,Ileso       ,46.0,Masculino
574914,27/08/2009,RN,101,CANGUARETAMA,Defeito mecânico em veículo,Colisão traseira,Sem Vítimas        ,Amanhecer,Ceu Claro,Simples ,Rural ,Caminhão,Ileso       ,29.0,Masculino
574914,27/08/2009,RN,101,CANGUARETAMA,Defeito mecânico em veículo,Colisão traseira,Sem Vítimas        ,Amanhecer,Ceu Claro,Simples ,Rural ,Caminhão,Ileso       ,37.0,Masculino
574964,26/08/2009,RN,101,NATAL,Falta de atenção,Colisão lateral,Sem Vítimas        ,Anoitecer,Ceu Claro,Múltipla,Urbano,Automóvel,Ileso       ,46.0,Masculino
574964,26/08/2009,RN,101,NATAL,Falta de atenção,Colisão lateral,Sem Vítimas        ,Anoitecer,Ceu Claro,Múltipla,Urbano,Ônibus,Ileso       ,44.0,Masculino
574973,30/08/2009,RN,304,MACAIBA,Outras,Atropelamento de pessoa,Com Vítimas Feridas,Plena noite,Ceu Claro,Simples ,Urbano,Motocicletas,Ferido Leve ,23.0,Masculino
574973,30/08/2009,RN,304,MACAIBA,Outras,Atropelamento de pessoa,Com Vítimas Feridas,Plena noite,Ceu Claro,Simples ,Urbano,(null),Ferido Grave,14.0,Feminino
574985,30/08/2009,RN,304,MACAIBA,Falta de atenção,Colisão traseira,Sem Vítimas        ,Plena noite,Ceu Claro,Simples ,Urbano,Automóvel,Ileso       ,25.0,Masculino
574985,30/08/2009,RN,304,MACAIBA,Falta de atenção,Colisão traseira,Sem Vítimas        ,Plena noite,Ceu Claro,Simples ,Urbano,Automóvel,Ignorado    ,-1.0,Inválido
575010,26/08/2009,RN,304,MACAIBA,Falta de atenção,Colisão Transversal,Com Vítimas Feridas,Pleno dia,Chuva,Simples ,Rural ,Automóvel,Ileso       ,26.0,Masculino
575010,26/08/2009,RN,304,MACAIBA,Falta de atenção,Colisão Transversal,Com Vítimas Feridas,Pleno dia,Chuva,Simples ,Rural ,Caminhão,Ileso       ,54.0,Masculino
575010,26/08/2009,RN,304,MACAIBA,Falta de atenção,Colisão Transversal,Com Vítimas Feridas,Pleno dia,Chuva,Simples ,Rural ,Automóvel,Ferido Grave,25.0,Masculino
575010,26/08/2009,RN,304,MACAIBA,Falta de atenção,Colisão Transversal,Com Vítimas Feridas,Pleno dia,Chuva,Simples ,Rural ,Automóvel,Ferido Leve ,24.0,Masculino
575023,26/08/2009,RN,101,PARNAMIRIM,Defeito na via,Colisão frontal,Com Vítimas Fatais ,Anoitecer,Chuva,Simples ,Rural ,Caminhonete,Ferido Grave,54.0,Masculino
575023,26/08/2009,RN,101,PARNAMIRIM,Defeito na via,Colisão frontal,Com Vítimas Fatais ,Anoitecer,Chuva,Simples ,Rural ,Automóvel,Morto       ,38.0,Masculino
575023,26/08/2009,RN,101,PARNAMIRIM,Defeito na via,Colisão frontal,Com Vítimas Fatais ,Anoitecer,Chuva,Simples ,Rural ,Automóvel,Ferido Grave,36.0,Feminino
575027,22/08/2009,RN,101,PARNAMIRIM,Ingestão de álcool,Colisão traseira,Sem Vítimas        ,Plena noite,Ignorada,Dupla   ,Urbano,Automóvel,Ileso       ,51.0,Masculino
575027,22/08/2009,RN,101,PARNAMIRIM,Ingestão de álcool,Colisão traseira,Sem Vítimas        ,Plena noite,Ignorada,Dupla   ,Urbano,Caminhonete,Ileso       ,50.0,Masculino
575035,30/08/2009,RN,304,MOSSORO,Ingestão de álcool,Queda de motocicleta / bicicleta / veículo,Com Vítimas Feridas,Plena noite,Ceu Claro,Simples ,Urbano,Motocicletas,Ferido Leve ,-1.0,Inválido
575037,23/08/2009,RN,226,CURRAIS NOVOS,Animais na Pista,Atropelamento de animal,Sem Vítimas        ,Anoitecer,Ceu Claro,Simples ,Rural ,Camioneta,Ileso       ,28.0,Masculino
575037,23/08/2009,RN,226,CURRAIS NOVOS,Animais na Pista,Atropelamento de animal,Sem Vítimas        ,Anoitecer,Ceu Claro,Simples ,Rural ,Camioneta,Ileso       ,17.0,Feminino
575037,23/08/2009,RN,226,CURRAIS NOVOS,Animais na Pista,Atropelamento de animal,Sem Vítimas        ,Anoitecer,Ceu Claro,Simples ,Rural ,Camioneta,Ileso       ,55.0,Feminino
575062,24/08/2009,RN,101,NATAL,Falta de atenção,Colisão lateral,Sem Vítimas        ,Plena noite,Ceu Claro,Dupla   ,Urbano,Automóvel,Ileso       ,34.0,Masculino
575062,24/08/2009,RN,101,NATAL,Falta de atenção,Colisão lateral,Sem Vítimas        ,Plena noite,Ceu Claro,Dupla   ,Urbano,Caminhonete,Ileso       ,29.0,Masculino
575083,30/08/2009,RN,226,MACAIBA,Outras,Colisão frontal,Com Vítimas Feridas,Plena noite,Ceu Claro,Simples ,Urbano,Automóvel,Ileso       ,67.0,Masculino
575083,30/08/2009,RN,226,MACAIBA,Outras,Colisão frontal,Com Vítimas Feridas,Plena noite,Ceu Claro,Simples ,Urbano,Automóvel,Ferido Leve ,34.0,Masculino
575083,30/08/2009,RN,226,MACAIBA,Outras,Colisão frontal,Com Vítimas Feridas,Plena noite,Ceu Claro,Simples ,Urbano,Automóvel,Ferido Leve ,42.0,Feminino
575127,31/08/2009,RN,304,MOSSORO,Desobediência à sinalização,Colisão Transversal,Com Vítimas Feridas,Pleno dia,Ceu Claro,Simples ,Urbano,Motocicletas,Ferido Grave,20.0,Masculino
575127,31/08/2009,RN,304,MOSSORO,Desobediência à sinalização,Colisão Transversal,Com Vítimas Feridas,Pleno dia,Ceu Claro,Simples ,Urbano,Caminhão,Ignorado    ,-1.0,Inválido
575135,27/08/2009,RN,101,NATAL,Outras,Colisão traseira,Sem Vítimas        ,Plena noite,Ceu Claro,Dupla   ,Urbano,Automóvel,Ileso       ,28.0,Masculino
575135,27/08/2009,RN,101,NATAL,Outras,Colisão traseira,Sem Vítimas        ,Plena noite,Ceu Claro,Dupla   ,Urbano,Automóvel,Ileso       ,24.0,Masculino
575155,27/08/2009,RN,101,NATAL,Outras,Colisão traseira,Sem Vítimas        ,Plena noite,Ceu Claro,Dupla   ,Urbano,Automóvel,Ileso       ,20.0,Masculino
575155,27/08/2009,RN,101,NATAL,Outras,Colisão traseira,Sem Vítimas        ,Plena noite,Ceu Claro,Dupla   ,Urbano,Automóvel,Ileso       ,23.0,Masculino
575237,31/08/2009,RN,304,ANGICOS,Falta de atenção,Colisão traseira,Sem Vítimas        ,Pleno dia,Ceu Claro,Simples ,Rural ,Automóvel,Ileso       ,30.0,Feminino
575237,31/08/2009,RN,304,ANGICOS,Falta de atenção,Colisão traseira,Sem Vítimas        ,Pleno dia,Ceu Claro,Simples ,Rural ,Automóvel,Ileso       ,51.0,Masculino
575261,29/08/2009,RN,304,ANGICOS,Outras,Saída de Pista,Com Vítimas Feridas,Pleno dia,Ceu Claro,Simples ,Rural ,Automóvel,Ferido Leve ,31.0,Masculino
575278,30/08/2009,RN,304,LAJES,Outras,Saída de Pista,Com Vítimas Feridas,Pleno dia,Ceu Claro,Simples ,Urbano,Caminhonete,Ferido Leve ,47.0,Masculino
575362,27/08/2009,RN,101,NATAL,Não guardar distância de segurança,Colisão traseira,Sem Vítimas        ,Pleno dia,Ceu Claro,Dupla   ,Urbano,Automóvel,Ileso       ,47.0,Masculino
575362,27/08/2009,RN,101,NATAL,Não guardar distância de segurança,Colisão traseira,Sem Vítimas        ,Pleno dia,Ceu Claro,Dupla   ,Urbano,Automóvel,Ileso       ,31.0,Masculino