id,data_inversa,uf,br,municipio,causa_acidente,tipo_acidente,classificacao_acidente,fase_dia,condicao_metereologica,tipo_pista,uso_solo,tipo_veiculo,estado_fisico,idade,sexo
575411,31/08/2009,RN,101,NATAL,Falta de atenção,Colisão traseira,Com Vítimas Feridas,Pleno dia,Ignorada,Dupla   ,Urbano,Motoneta,Ferido Grave,45.0,Masculino
575411,31/08/2009,RN,101,NATAL,Falta de atenção,Colisão traseira,Com Vítimas Feridas,Pleno dia,Ignorada,Dupla   ,Urbano,Automóvel,Ignorado    ,-1.0,Inválido
575421,31/08/2009,RN,304,MOSSORO,Falta de atenção,Colisão traseira,Sem Vítimas        ,Plena noite,Ceu Claro,Simples ,Urbano,Automóvel,Ileso       ,50.0,Masculino
575421,31/08/2009,RN,304,MOSSORO,Falta de atenção,Colisão traseira,Sem Vítimas        ,Plena noite,Ceu Claro,Simples ,Urbano,Automóvel,Ileso       ,21.0,Feminino
575467,31/08/2009,RN,304,MOSSORO,Não guardar distância de segurança,Colisão lateral,Sem Vítimas        ,Plena noite,Vento,Simples ,Rural ,Caminhão,Ileso       ,56.0,Masculino
575467,31/08/2009,RN,304,MOSSORO,Não guardar distância de segurança,Colisão lateral,Sem Vítimas        ,Plena noite,Vento,Simples ,Rural ,Caminhão-Trator,Ignorado    ,-1.0,Inválido
575501,27/08/2009,RN,110,MOSSORO,Não guardar distância de segurança,Colisão traseira,Sem Vítimas        ,Pleno dia,Sol,Simples ,Urbano,Caminhonete,Ileso       ,20.0,Masculino
575501,27/08/2009,RN,110,MOSSORO,Não guardar distância de segurança,Colisão traseira,Sem Vítimas        ,Pleno dia,Sol,Simples ,Urbano,Camioneta,Ileso       ,55.0,Masculino
575502,01/09/2009,RN,226,CAMPO REDONDO,Não guardar distância de segurança,Colisão traseira,Sem Vítimas        ,Plena noite,Ceu Claro,Simples ,Rural ,Automóvel,Ileso       ,28.0,Masculino
575502,01/09/2009,RN,226,CAMPO REDONDO,Não guardar distância de segurança,Colisão traseira,Sem Vítimas        ,Plena noite,Ceu Claro,Simples ,Rural ,Automóvel,Ignorado    ,-1.0,Inválido
575502,01/09/2009,RN,226,CAMPO REDONDO,Não guardar distância de segurança,Colisão traseira,Sem Vítimas        ,Plena noite,Ceu Claro,Simples ,Rural ,Automóvel,Ileso       ,27.0,Masculino
575567,28/08/2009,RN,101,NATAL,Não guardar distância de segurança,Colisão traseira,Sem Vítimas        ,Pleno dia,Ceu Claro,Dupla   ,Urbano,Caminhonete,Ileso       ,35.0,Masculino
575567,28/08/2009,RN,101,NATAL,Não guardar distância de segurança,Colisão traseira,Sem Vítimas        ,Pleno dia,Ceu Claro,Dupla   ,Urbano,Automóvel,Ileso       ,53.0,Masculino
575595,28/08/2009,RN,405,MOSSORO,Outras,Colisão lateral,Sem Vítimas        ,Anoitecer,Ceu Claro,Simples ,Urbano,Automóvel,Ileso       ,49.0,Feminino
575595,28/08/2009,RN,405,MOSSORO,Outras,Colisão lateral,Sem Vítimas        ,Anoitecer,Ceu Claro,Simples ,Urbano,Caminhão-Trator,Ileso       ,-1.0,Inválido
575728,01/09/2009,RN,101,NATAL,Falta de atenção,Colisão lateral,Sem Vítimas        ,Pleno dia,Sol,Simples ,Urbano,Microônibus,Ileso       ,29.0,Masculino
575728,01/09/2009,RN,101,NATAL,Falta de atenção,Colisão lateral,Sem Vítimas        ,Pleno dia,Sol,Simples ,Urbano,Motocicletas,Ileso       ,25.0,Masculino
575731,01/09/2009,RN,110,UPANEMA,Outras,Saída de Pista,Com Vítimas Feridas,Pleno dia,Sol,Simples ,Rural ,Caminhonete,Ferido Grave,32.0,Feminino
575731,01/09/2009,RN,110,UPANEMA,Outras,Saída de Pista,Com Vítimas Feridas,Pleno dia,Sol,Simples ,Rural ,Caminhonete,Ferido Grave,26.0,Masculino
575840,30/08/2009,RN,304,SANTA MARIA,Outras,Colisão traseira,Sem Vítimas        ,Pleno dia,Ceu Claro,Simples ,Urbano,Automóvel,Ileso       ,41.0,Masculino
575840,30/08/2009,RN,304,SANTA MARIA,Outras,Colisão traseira,Sem Vítimas        ,Pleno dia,Ceu Claro,Simples ,Urbano,Automóvel,Ileso       ,34.0,Masculino
575863,01/09/2009,RN,101,NATAL,Velocidade incompatível,Colisão traseira,Sem Vítimas        ,Pleno dia,Nublado,Simples ,Urbano,Automóvel,Ileso       ,55.0,Feminino
575863,01/09/2009,RN,101,NATAL,Velocidade incompatível,Colisão traseira,Sem Vítimas        ,Pleno dia,Nublado,Simples ,Urbano,Automóvel,Ileso       ,31.0,Masculino
575863,01/09/2009,RN,101,NATAL,Velocidade incompatível,Colisão traseira,Sem Vítimas        ,Pleno dia,Nublado,Simples ,Urbano,Caminhão,Ileso       ,37.0,Masculino
575879,01/09/2009,RN,304,MACAIBA,Outras,Colisão Transversal,Com Vítimas Feridas,Plena noite,Chuva,Dupla   ,Rural ,Carroça,Ileso       ,56.0,Masculino
575879,01/09/2009,RN,304,MACAIBA,Outras,Colisão Transversal,Com Vítimas Feridas,Plena noite,Chuva,Dupla   ,Rural ,Motocicletas,Ferido Leve ,41.0,Masculino
575929,01/09/2009,RN,304,MOSSORO,Outras,Tombamento,Com Vítimas Feridas,Plena noite,Ceu Claro,Simples ,Rural ,Caminhão-Trator,Ferido Leve ,51.0,Masculino
575929,01/09/2009,RN,304,MOSSORO,Outras,Tombamento,Com Vítimas Feridas,Plena noite,Ceu Claro,Simples ,Rural ,Não identificado,Ignorado    ,-1.0,Inválido
575932,01/09/2009,RN,101,PARNAMIRIM,Falta de atenção,Colisão lateral,Com Vítimas Feridas,Pleno dia,Chuva,Dupla   ,Urbano,Automóvel,Ileso       ,47.0,Masculino
575932,01/09/2009,RN,101,PARNAMIRIM,Falta de atenção,Colisão lateral,Com Vítimas Feridas,Pleno dia,Chuva,Dupla   ,Urbano,Motocicletas,Ferido Grave,35.0,Masculino
575935,01/09/2009,RN,101,NATAL,Falta de atenção,Colisão traseira,Sem Vítimas        ,Plena noite,Chuva,Dupla   ,Urbano,Automóvel,Ileso       ,49.0,Feminino
575935,01/09/2009,RN,101,NATAL,Falta de atenção,Colisão traseira,Sem Vítimas        ,Plena noite,Chuva,Dupla   ,Urbano,Camioneta,Ileso       ,63.0,Masculino
575935,01/09/2009,RN,101,NATAL,Falta de atenção,Colisão traseira,Sem Vítimas        ,Plena noite,Chuva,Dupla   ,Urbano,Automóvel,Ileso       ,38.0,Masculino
575935,01/09/2009,RN,101,NATAL,Falta de atenção,Colisão traseira,Sem Vítimas        ,Plena noite,Chuva,Dupla   ,Urbano,Automóvel,Ileso       ,38.0,Masculino
575984,01/08/2009,RN,304,SANTA MARIA,Outras,Colisão frontal,Com Vítimas Feridas,Pleno dia,Ceu Claro,Simples ,Rural ,Motocicletas,Ferido Grave,37.0,Masculino
575984,01/08/2009,RN,304,SANTA MARIA,Outras,Colisão frontal,Com Vítimas Feridas,Pleno dia,Ceu Claro,Simples ,Rural ,Caminhão,Ignorado    ,-1.0,Inválido
576048,29/08/2009,RN,101,NATAL,Falta de atenção,Colisão traseira,Sem Vítimas        ,Plena noite,Ceu Claro,Dupla   ,Urbano,Camioneta,Ileso       ,23.0,Masculino
576048,29/08/2009,RN,101,NATAL,Falta de atenção,Colisão traseira,Sem Vítimas        ,Plena noite,Ceu Claro,Dupla   ,Urbano,Motocicletas,Ileso       ,36.0,Masculino
576103,02/09/2009,RN,101,NATAL,Outras,Colisão lateral,Sem Vítimas        ,Pleno dia,Ceu Claro,Dupla   ,Urbano,Caminhonete,Ileso       ,30.0,Masculino
576103,02/09/2009,RN,101,NATAL,Outras,Colisão lateral,Sem Vítimas        ,Pleno dia,Ceu Claro,Dupla   ,Urbano,Automóvel,Ileso       ,28.0,Masculino
576103,02/09/2009,RN,101,NATAL,Outras,Colisão lateral,Sem Vítimas        ,Pleno dia,Ceu Claro,Dupla   ,Urbano,Utilitário,Ignorado    ,-1.0,Inválido
576160,28/08/2009,RN,304,MACAIBA,Não guardar distância de segurança,Colisão traseira,Sem Vítimas        ,Plena noite,Nublado,Simples ,Rural ,Utilitário,Ileso       ,25.0,Masculino
576160,28/08/2009,RN,304,MACAIBA,Não guardar distância de segurança,Colisão traseira,Sem Vítimas        ,Plena noite,Nublado,Simples ,Rural ,Automóvel,Ileso       ,53.0,Masculino
576170,28/08/2009,RN,101,NATAL,Falta de atenção,Colisão lateral,Sem Vítimas        ,Plena noite,Ceu Claro,Simples ,Urbano,Automóvel,Ileso       ,27.0,Masculino
576170,28/08/2009,RN,101,NATAL,Falta de atenção,Colisão lateral,Sem Vítimas        ,Plena noite,Ceu Claro,Simples ,Urbano,Automóvel,Ignorado    ,-1.0,Masculino
576176,02/09/2009,RN,226,NATAL,Não guardar distância de segurança,Colisão traseira,Sem Vítimas        ,Pleno dia,Nublado,Simples ,Urbano,Automóvel,Ileso       ,38.0,Masculino
576176,02/09/2009,RN,226,NATAL,Não guardar distância de segurança,Colisão traseira,Sem Vítimas        ,Pleno dia,Nublado,Simples ,Urbano,Automóvel,Ileso       ,48.0,Masculino
576176,02/09/2009,RN,226,NATAL,Não guardar distância de segurança,Colisão traseira,Sem Vítimas        ,Pleno dia,Nublado,Simples ,Urbano,Automóvel,Ileso       ,25.0,Masculino
576219,02/09/2009,RN,101,ARES,Não guardar distância de segurança,Colisão traseira,Sem Vítimas        ,Pleno dia,Ceu Claro,Simples ,Rural ,Automóvel,Ileso       ,36.0,Masculino
576219,02/09/2009,RN,101,ARES,Não guardar distância de segurança,Colisão traseira,Sem Vítimas        ,Pleno dia,Ceu Claro,Simples ,Rural ,Automóvel,Ileso       ,37.0,Masculino
576225,01/09/2009,RN,101,NATAL,Não guardar distância de segurança,Colisão traseira,Sem Vítimas        ,Pleno dia,Nublado,Dupla   ,Urbano,Automóvel,Ileso       ,36.0,Masculino
576225,01/09/2009,RN,101,NATAL,Não guardar distância de segurança,Colisão traseira,Sem Vítimas        ,Pleno dia,Nublado,Dupla   ,Urbano,Caminhonete,Ileso       ,16.0,Masculino
576243,01/09/2009,RN,101,NATAL,Não guardar distância de segurança,Colisão traseira,Sem Vítimas        ,Plena noite,Chuva,Dupla   ,Urbano,Automóvel,Ileso       ,63.0,Masculino
576243,01/09/2009,RN,101,NATAL,Não guardar distância de segurança,Colisão traseira,Sem Vítimas        ,Plena noite,Chuva,Dupla   ,Urbano,Automóvel,Ileso       ,50.0,Masculino
576249,30/08/2009,RN,101,EXTREMOZ,Defeito mecânico em veículo,Tombamento,Com Vítimas Feridas,Plena noite,Ceu Claro,Simples ,Rural ,Motoneta,Ferido Leve ,18.0,Masculino
576249,30/08/2009,RN,101,EXTREMOZ,Defeito mecânico em veículo,Tombamento,Com Vítimas Feridas,Plena noite,Ceu Claro,Simples ,Rural ,Motoneta,Ferido Leve ,21.0,Feminino
576260,01/09/2009,RN,304,MOSSORO,Falta de atenção,Colisão Transversal,Com Vítimas Feridas,Pleno dia,Ceu Claro,Simples ,Urbano,Motocicletas,Ileso       ,-1.0,Masculino
576260,01/09/2009,RN,304,MOSSORO,Falta de atenção,Colisão Transversal,Com Vítimas Feridas,Pleno dia,Ceu Claro,Simples ,Urbano,Motoneta,Ferido Leve ,-1.0,Masculino
576321,02/09/2009,RN,101,NATAL,Defeito mecânico em veículo,Queda de motocicleta / bicicleta / veículo,Com Vítimas Feridas,Pleno dia,Chuva,Dupla   ,Urbano,Motocicletas,Ferido Leve ,25.0,Masculino
576465,27/08/2009,RN,304,MOSSORO,Falta de atenção,Colisão traseira,Sem Vítimas        ,Pleno dia,Ceu Claro,Simples ,Rural ,Caminhonete,Ileso       ,-1.0,Masculino
576465,27/08/2009,RN,304,MOSSORO,Falta de atenção,Colisão traseira,Sem Vítimas        ,Pleno dia,Ceu Claro,Simples ,Rural ,Utilitário,Ileso       ,31.0,Masculino
576567,01/09/2009,RN,304,MACAIBA,Defeito mecânico em veículo,Colisão com objeto móvel,Sem Vítimas        ,Pleno dia,Nublado,Simples ,Rural ,Automóvel,Ileso       ,42.0,Masculino
576567,01/09/2009,RN,304,MACAIBA,Defeito mecânico em veículo,Colisão com objeto móvel,Sem Vítimas        ,Pleno dia,Nublado,Simples ,Rural ,Caminhão-Trator,Ileso       ,52.0,Masculino
576603,29/08/2009,RN,427,JARDIM DO SERIDO,Velocidade incompatível,Saída de Pista,Sem Vítimas        ,Plena noite,Ceu Claro,Simples ,Rural ,Caminhão-Trator,Ileso       ,32.0,Masculino
576752,03/09/2009,RN,304,MOSSORO,Animais na Pista,Atropelamento de animal,Com Vítimas Feridas,Anoitecer,Ceu Claro,Simples ,Urbano,Motocicletas,Ferido Leve ,25.0,Masculino
576756,03/09/2009,RN,304,MOSSORO,Falta de atenção,Colisão Transversal,Com Vítimas Feridas,Anoitecer,Ceu Claro,Simples ,Rural ,Caminhão,Ileso       ,49.0,Masculino
576756,03/09/2009,RN,304,MOSSORO,Falta de atenção,Colisão Transversal,Com Vítimas Feridas,Anoitecer,Ceu Claro,Simples ,Rural ,Automóvel,Ferido Leve ,34.0,Masculino
576756,03/09/2009,RN,304,MOSSORO,Falta de atenção,Colisão Transversal,Com Vítimas Feridas,Anoitecer,Ceu Claro,Simples ,Rural ,Automóvel,Ferido Grave,30.0,Feminino
576756,03/09/2009,RN,304,MOSSORO,Falta de atenção,Colisão Transversal,Com Vítimas Feridas,Anoitecer,Ceu Claro,Simples ,Rural ,Automóvel,Ferido Leve ,24.0,Masculino
576756,03/09/2009,RN,304,MOSSORO,Falta de atenção,Colisão Transversal,Com Vítimas Feridas,Anoitecer,Ceu Claro,Simples ,Rural ,Automóvel,Ferido Leve ,27.0,Feminino
576774,03/09/2009,RN,304,MOSSORO,Outras,Tombamento,Sem Vítimas        ,Pleno dia,Ceu Claro,Simples ,Rural ,Caminhão,Ileso       ,32.0,Masculino
576808,03/09/2009,RN,101,ARES,Falta de atenção,Colisão Transversal,Com Vítimas Feridas,Plena noite,Ceu Claro,Simples ,Rural ,Automóvel,Ferido Grave,67.0,Masculino
576808,03/09/2009,RN,101,ARES,Falta de atenção,Colisão Transversal,Com Vítimas Feridas,Plena noite,Ceu Claro,Simples ,Rural ,Caminhão,Ileso       ,45.0,Masculino
576861,03/09/2009,RN,101,SAO GONCALO DO AMARANTE,Outras,Colisão traseira,Sem Vítimas        ,Pleno dia,Ceu Claro,Dupla   ,Urbano,Caminhão,Ileso       ,23.0,Masculino
576861,03/09/2009,RN,101,SAO GONCALO DO AMARANTE,Outras,Colisão traseira,Sem Vítimas        ,Pleno dia,Ceu Claro,Dupla   ,Urbano,Automóvel,Ileso       ,35.0,Masculino
576894,01/09/2009,RN,101,PARNAMIRIM,Falta de atenção,Colisão Transversal,Com Vítimas Feridas,Plena noite,Chuva,Dupla   ,Urbano,Motocicletas,Ferido Leve ,28.0,Masculino
576894,01/09/2009,RN,101,PARNAMIRIM,Falta de atenção,Colisão Transversal,Com Vítimas Feridas,Plena noite,Chuva,Dupla   ,Urbano,Camioneta,Ileso       ,-1.0,Masculino
576894,01/09/2009,RN,101,PARNAMIRIM,Falta de atenção,Colisão Transversal,Com Vítimas Feridas,Plena noite,Chuva,Dupla   ,Urbano,Motocicletas,Ferido Grave,25.0,Masculino
576916,04/09/2009,RN,101,NATAL,Falta de atenção,Colisão traseira,Com Vítimas Feridas,Pleno dia,Sol,Dupla   ,Urbano,Automóvel,Ileso       ,46.0,Masculino
576916,04/09/2009,RN,101,NATAL,Falta de atenção,Colisão traseira,Com Vítimas Feridas,Pleno dia,Sol,Dupla   ,Urbano,Motocicletas,Ferido Leve ,52.0,Masculino
576953,04/09/2009,RN,101,SAO GONCALO DO AMARANTE,Outras,Atropelamento de pessoa,Com Vítimas Feridas,Pleno dia,Sol,Dupla   ,Urbano,Motocicletas,Ferido Leve ,27.0,Masculino
576953,04/09/2009,RN,101,SAO GONCALO DO AMARANTE,Outras,Atropelamento de pessoa,Com Vítimas Feridas,Pleno dia,Sol,Dupla   ,Urbano,(null),Ferido Leve ,19.0,Feminino
576959,04/09/2009,RN,101,NATAL,Não guardar distância de segurança,Colisão traseira,Sem Vítimas        ,Pleno dia,Ceu Claro,Dupla   ,Urbano,Automóvel,Ileso       ,28.0,Feminino
576959,04/09/2009,RN,101,NATAL,Não guardar distância de segurança,Colisão traseira,Sem Vítimas        ,Pleno dia,Ceu Claro,Dupla   ,Urbano,Ônibus,Ileso       ,39.0,Masculino
577080,29/08/2009,RN,101,PARNAMIRIM,Falta de atenção,Colisão Transversal,Sem Vítimas        ,Pleno dia,Ceu Claro,Dupla   ,Urbano,Automóvel,Ileso       ,63.0,Masculino
577080,29/08/2009,RN,101,PARNAMIRIM,Falta de atenção,Colisão Transversal,Sem Vítimas        ,Pleno dia,Ceu Claro,Dupla   ,Urbano,Automóvel,Ileso       ,60.0,Masculino
577105,04/09/2009,RN,101,PARNAMIRIM,Desobediência à sinalização,Colisão Transversal,Sem Vítimas        ,Anoitecer,Ceu Claro,Dupla   ,Rural ,Automóvel,Ileso       ,31.0,Masculino
577105,04/09/2009,RN,101,PARNAMIRIM,Desobediência à sinalização,Colisão Transversal,Sem Vítimas        ,Anoitecer,Ceu Claro,Dupla   ,Rural ,Automóvel,Ileso       ,67.0,Masculino
577128,04/09/2009,RN,101,NATAL,Falta de atenção,Colisão traseira,Sem Vítimas        ,Pleno dia,Ceu Claro,Dupla   ,Urbano,Automóvel,Ileso       ,31.0,Masculino
577128,04/09/2009,RN,101,NATAL,Falta de atenção,Colisão traseira,Sem Vítimas        ,Pleno dia,Ceu Claro,Dupla   ,Urbano,Utilitário,Ileso       ,33.0,Feminino
577422,01/09/2009,RN,101,NATAL,Outras,Colisão lateral,Com Vítimas Feridas,Plena noite,Ceu Claro,Dupla   ,Urbano,Motocicletas,Ferido Leve ,35.0,Masculino
577422,01/09/2009,RN,101,NATAL,Outras,Colisão lateral,Com Vítimas Feridas,Plena noite,Ceu Claro,Dupla   ,Urbano,Automóvel,Ignorado    ,-1.0,Inválido
577445,02/09/2009,RN,427,CURRAIS NOVOS,Falta de atenção,Colisão lateral,Com Vítimas Feridas,Plena noite,Ceu Claro,Simples ,Urbano,Motocicletas,Ferido Grave,18.0,Masculino
577445,02/09/2009,RN,427,CURRAIS NOVOS,Falta de atenção,Colisão lateral,Com Vítimas Feridas,Plena noite,Ceu Claro,Simples ,Urbano,Camioneta,Ileso       ,18.0,Masculino
577449,01/09/2009,RN,101,NATAL,Outras,Colisão Transversal,Com Vítimas Fatais ,Plena noite,Ceu Claro,Dupla   ,Urbano,Motocicletas,Morto       ,47.0,Masculino
577449,01/09/2009,RN,101,NATAL,Outras,Colisão Transversal,Com Vítimas Fatais ,Plena noite,Ceu Claro,Dupla   ,Urbano,Ônibus,Ignorado    ,37.0,Masculino
577527,05/09/2009,RN,304,ANGICOS,Outras,Capotamento,Com Vítimas Feridas,Pleno dia,Ceu Claro,Simples ,Rural ,Automóvel,Ileso       ,26.0,Masculino
577527,05/09/2009,RN,304,ANGICOS,Outras,Capotamento,Com Vítimas Feridas,Pleno dia,Ceu Claro,Simples ,Rural ,Automóvel,Ferido Leve ,-1.0,Masculino
577527,05/09/2009,RN,304,ANGICOS,Outras,Capotamento,Com Vítimas Feridas,Pleno dia,Ceu Claro,Simples ,Rural ,Automóvel,Ferido Leve ,-1.0,Feminino
577527,05/09/2009,RN,304,ANGICOS,Outras,Capotamento,Com Vítimas Feridas,Pleno dia,Ceu Claro,Simples ,Rural ,Automóvel,Ferido Leve ,-1.0,Masculino
577527,05/09/2009,RN,304,ANGICOS,Outras,Capotamento,Com Vítimas Feridas,Pleno dia,Ceu Claro,Simples ,Rural ,Automóvel,Ferido Grave,-1.0,Feminino
577527,05/09/2009,RN,304,ANGICOS,Outras,Capotamento,Com Vítimas Feridas,Pleno dia,Ceu Claro,Simples ,Rural ,Automóvel,Ferido Leve ,-1.0,Feminino
577527,05/09/2009,RN,304,ANGICOS,Outras,Capotamento,Com Vítimas Feridas,Pleno dia,Ceu Claro,Simples ,Rural ,Não identificado,Ignorado    ,-1.0,Inválido
577529,28/08/2009,RN,101,PARNAMIRIM,Outras,Atropelamento de pessoa,Com Vítimas Fatais ,Anoitecer,Ignorada,Dupla   ,Urbano,Automóvel,Ileso       ,31.0,Masculino
577529,28/08/2009,RN,101,PARNAMIRIM,Outras,Atropelamento de pessoa,Com Vítimas Fatais ,Anoitecer,Ignorada,Dupla   ,Urbano,(null),Morto       ,70.0,Feminino
577547,04/09/2009,RN,101,PARNAMIRIM,Falta de atenção,Colisão lateral,Sem Vítimas        ,Pleno dia,Sol,Dupla   ,Urbano,Automóvel,Ileso       ,24.0,Masculino
577547,04/09/2009,RN,101,PARNAMIRIM,Falta de atenção,Colisão lateral,Sem Vítimas        ,Pleno dia,Sol,Dupla   ,Urbano,Motocicletas,Ileso       ,31.0,Masculino
577575,05/09/2009,RN,101,PARNAMIRIM,Falta de atenção,Colisão lateral,Sem Vítimas        ,Pleno dia,Ceu Claro,Dupla   ,Urbano,Automóvel,Ileso       ,45.0,Feminino
577575,05/09/2009,RN,101,PARNAMIRIM,Falta de atenção,Colisão lateral,Sem Vítimas        ,Pleno dia,Ceu Claro,Dupla   ,Urbano,Camioneta,Ileso       ,49.0,Masculino
577639,05/09/2009,RN,101,PARNAMIRIM,Falta de atenção,Colisão Transversal,Sem Vítimas        ,Pleno dia,Ceu Claro,Dupla   ,Urbano,Automóvel,Ileso       ,32.0,Masculino
577639,05/09/2009,RN,101,PARNAMIRIM,Falta de atenção,Colisão Transversal,Sem Vítimas        ,Pleno dia,Ceu Claro,Dupla   ,Urbano,Utilitário,Ileso       ,35.0,Masculino
577687,05/09/2009,RN,101,PARNAMIRIM,Outras,Colisão lateral,Sem Vítimas        ,Pleno dia,Ceu Claro,Dupla   ,Urbano,Ônibus,Ileso       ,33.0,Masculino
577687,05/09/2009,RN,101,PARNAMIRIM,Outras,Colisão lateral,Sem Vítimas        ,Pleno dia,Ceu Claro,Dupla   ,Urbano,Caminhão,Ileso       ,-1.0,Masculino
577750,05/09/2009,RN,110,MOSSORO,Falta de atenção,Colisão Transversal,Com Vítimas Feridas,Plena noite,Ceu Claro,Múltipla,Urbano,Motocicletas,Ileso       ,32.0,Masculino
577750,05/09/2009,RN,110,MOSSORO,Falta de atenção,Colisão Transversal,Com Vítimas Feridas,Plena noite,Ceu Claro,Múltipla,Urbano,Motocicletas,Ferido Leve ,-1.0,Feminino
577750,05/09/2009,RN,110,MOSSORO,Falta de atenção,Colisão Transversal,Com Vítimas Feridas,Plena noite,Ceu Claro,Múltipla,Urbano,Automóvel,Ileso       ,41.0,Feminino
577829,06/09/2009,RN,101,PARNAMIRIM,Desobediência à sinalização,Colisão Transversal,Com Vítimas Feridas,Plena noite,Ceu Claro,Dupla   ,Urbano,Automóvel,Ferido Leve ,21.0,Feminino
577829,06/09/2009,RN,101,PARNAMIRIM,Desobediência à sinalização,Colisão Transversal,Com Vítimas Feridas,Plena noite,Ceu Claro,Dupla   ,Urbano,Automóvel,Ileso       ,44.0,Masculino
577832,05/09/2009,RN,101,SAO GONCALO DO AMARANTE,Falta de atenção,Colisão lateral,Sem Vítimas        ,Pleno dia,Ceu Claro,Dupla   ,Urbano,Automóvel,Ileso       ,60.0,Masculino
577832,05/09/2009,RN,101,SAO GONCALO DO AMARANTE,Falta de atenção,Colisão lateral,Sem Vítimas        ,Pleno dia,Ceu Claro,Dupla   ,Urbano,Automóvel,Ileso       ,35.0,Masculino
577838,06/09/2009,RN,304,MOSSORO,Outras,Colisão frontal,Com Vítimas Feridas,Plena noite,Ceu Claro,Simples ,Urbano,Ciclomotor,Ferido Grave,41.0,Masculino
577838,06/09/2009,RN,304,MOSSORO,Outras,Colisão frontal,Com Vítimas Feridas,Plena noite,Ceu Claro,Simples ,Urbano,Motocicletas,Ferido Leve ,27.0,Masculino
577859,05/09/2009,RN,101,PARNAMIRIM,Não guardar distância de segurança,Colisão traseira,Com Vítimas Feridas,Pleno dia,Ceu Claro,Dupla   ,Urbano,Automóvel,Ileso       ,35.0,Masculino
577859,05/09/2009,RN,101,PARNAMIRIM,Não guardar distância de segurança,Colisão traseira,Com Vítimas Feridas,Pleno dia,Ceu Claro,Dupla   ,Urbano,Motocicletas,Ferido Leve ,24.0,Masculino
578024,06/09/2009,RN,304,MOSSORO,Falta de atenção,Colisão Transversal,Com Vítimas Feridas,Pleno dia,Ceu Claro,Simples ,Urbano,Automóvel,Ileso       ,45.0,Masculino
578024,06/09/2009,RN,304,MOSSORO,Falta de atenção,Colisão Transversal,Com Vítimas Feridas,Pleno dia,Ceu Claro,Simples ,Urbano,Automóvel,Ileso       ,26.0,Feminino
578024,06/09/2009,RN,304,MOSSORO,Falta de atenção,Colisão Transversal,Com Vítimas Feridas,Pleno dia,Ceu Claro,Simples ,Urbano,Automóvel,Ferido Leve ,55.0,Feminino
578070,06/09/2009,RN,406,CEARA-MIRIM,Falta de atenção,Colisão lateral,Sem Vítimas        ,Pleno dia,Ceu Claro,Simples ,Rural ,Automóvel,Ileso       ,40.0,Masculino
578070,06/09/2009,RN,406,CEARA-MIRIM,Falta de atenção,Colisão lateral,Sem Vítimas        ,Pleno dia,Ceu Claro,Simples ,Rural ,Automóvel,Ileso       ,32.0,Masculino
578139,06/09/2009,RN,304,MOSSORO,Falta de atenção,Colisão traseira,Sem Vítimas        ,Pleno dia,Ceu Claro,Simples ,Urbano,Automóvel,Ileso       ,30.0,Masculino
578139,06/09/2009,RN,304,MOSSORO,Falta de atenção,Colisão traseira,Sem Vítimas        ,Pleno dia,Ceu Claro,Simples ,Urbano,Motocicletas,Ileso       ,21.0,Masculino
578140,06/09/2009,RN,226,BOM JESUS,Defeito na via,Capotamento,Com Vítimas Feridas,Pleno dia,Sol,Simples ,Rural ,Caminhão,Ferido Grave,53.0,Masculino
578184,06/09/2009,RN,101,PARNAMIRIM,Ingestão de álcool,Colisão traseira,Com Vítimas Feridas,Plena noite,Ceu Claro,Dupla   ,Rural ,Automóvel,Ileso       ,-1.0,Masculino
578184,06/09/2009,RN,101,PARNAMIRIM,Ingestão de álcool,Colisão traseira,Com Vítimas Feridas,Plena noite,Ceu Claro,Dupla   ,Rural ,Motocicletas,Ferido Leve ,31.0,Masculino
578192,06/09/2009,RN,101,NATAL,Outras,Atropelamento de pessoa,Com Vítimas Feridas,Plena noite,Ceu Claro,Dupla   ,Urbano,(null),Ferido Leve ,-1.0,Masculino
578192,06/09/2009,RN,101,NATAL,Outras,Atropelamento de pessoa,Com Vítimas Feridas,Plena noite,Ceu Claro,Dupla   ,Urbano,Não identificado,Ignorado    ,-1.0,Inválido
578240,06/09/2009,RN,101,SAO GONCALO DO AMARANTE,Outras,Atropelamento de pessoa,Com Vítimas Feridas,Plena noite,Ceu Claro,Dupla   ,Urbano,Motocicletas,Ileso       ,22.0,Masculino
578240,06/09/2009,RN,101,SAO GONCALO DO AMARANTE,Outras,Atropelamento de pessoa,Com Vítimas Feridas,Plena noite,Ceu Claro,Dupla   ,Urbano,Motocicletas,Ferido Leve ,22.0,Feminino
578240,06/09/2009,RN,101,SAO GONCALO DO AMARANTE,Outras,Atropelamento de pessoa,Com Vítimas Feridas,Plena noite,Ceu Claro,Dupla   ,Urbano,(null),Ferido Leve ,-1.0,Masculino
578284,06/09/2009,RN,304,MOSSORO,Outras,Colisão traseira,Com Vítimas Feridas,Plena noite,Ceu Claro,Simples ,Rural ,Motoneta,Ferido Grave,41.0,Masculino
578284,06/09/2009,RN,304,MOSSORO,Outras,Colisão traseira,Com Vítimas Feridas,Plena noite,Ceu Claro,Simples ,Rural ,Automóvel,Ignorado    ,-1.0,Inválido