id,data_inversa,uf,br,municipio,causa_acidente,tipo_acidente,classificacao_acidente,fase_dia,condicao_metereologica,tipo_pista,uso_solo,tipo_veiculo,estado_fisico,idade,sexo
611085,15/11/2009,RN,101,NATAL,Desobediência à sinalização,Colisão Transversal,Sem Vítimas        ,Amanhecer,Ignorada,Dupla   ,Urbano,Caminhonete,Ileso       ,22.0,Masculino
611085,15/11/2009,RN,101,NATAL,Desobediência à sinalização,Colisão Transversal,Sem Vítimas        ,Amanhecer,Ignorada,Dupla   ,Urbano,Automóvel,Ileso       ,78.0,Masculino
611169,11/05/2009,RN,304,ANGICOS,Animais na Pista,Saída de Pista,Com Vítimas Feridas,Pleno dia,Nublado,Simples ,Rural ,Automóvel,Ferido Leve ,26.0,Feminino
611295,16/11/2009,RN,101,NATAL,Não guardar distância de segurança,Colisão traseira,Sem Vítimas        ,Pleno dia,Sol,Dupla   ,Urbano,Automóvel,Ileso       ,28.0,Masculino
611295,16/11/2009,RN,101,NATAL,Não guardar distância de segurança,Colisão traseira,Sem Vítimas        ,Pleno dia,Sol,Dupla   ,Urbano,Automóvel,Ileso       ,43.0,Feminino
611295,16/11/2009,RN,101,NATAL,Não guardar distância de segurança,Colisão traseira,Sem Vítimas        ,Pleno dia,Sol,Dupla   ,Urbano,Ônibus,Ileso       ,32.0,Masculino
611403,16/11/2009,RN,405,MOSSORO,Outras,Atropelamento de pessoa,Sem Vítimas        ,Anoitecer,Ceu Claro,Simples ,Urbano,Automóvel,Ileso       ,35.0,Feminino
611403,16/11/2009,RN,405,MOSSORO,Outras,Atropelamento de pessoa,Sem Vítimas        ,Anoitecer,Ceu Claro,Simples ,Urbano,(null),Ignorado    ,-1.0,Inválido
611403,16/11/2009,RN,405,MOSSORO,Outras,Atropelamento de pessoa,Sem Vítimas        ,Anoitecer,Ceu Claro,Simples ,Urbano,(null),Ignorado    ,-1.0,Inválido
611509,16/11/2009,RN,304,ANGICOS,Outras,Capotamento,Com Vítimas Feridas,Pleno dia,Ceu Claro,Simples ,Rural ,Utilitário,Ferido Leve ,42.0,Masculino
611526,16/11/2009,RN,101,NATAL,Falta de atenção,Colisão traseira,Sem Vítimas        ,Anoitecer,Ceu Claro,Dupla   ,Urbano,Automóvel,Ileso       ,31.0,Masculino
611526,16/11/2009,RN,101,NATAL,Falta de atenção,Colisão traseira,Sem Vítimas        ,Anoitecer,Ceu Claro,Dupla   ,Urbano,Automóvel,Ileso       ,59.0,Masculino
611581,14/11/2009,RN,101,PARNAMIRIM,Outras,Tombamento,Com Vítimas Feridas,Plena noite,Ceu Claro,Dupla   ,Urbano,Motocicletas,Ferido Leve ,28.0,Masculino
611581,14/11/2009,RN,101,PARNAMIRIM,Outras,Tombamento,Com Vítimas Feridas,Plena noite,Ceu Claro,Dupla   ,Urbano,Automóvel,Ileso       ,-1.0,Inválido
611634,14/11/2009,RN,304,MOSSORO,Outras,Tombamento,Com Vítimas Feridas,Pleno dia,Sol,Simples ,Rural ,Caminhão,Ferido Leve ,49.0,Masculino
611634,14/11/2009,RN,304,MOSSORO,Outras,Tombamento,Com Vítimas Feridas,Pleno dia,Sol,Simples ,Rural ,Não identificado,Ignorado    ,-1.0,Inválido
611650,15/11/2009,RN,304,PARNAMIRIM,Dormindo,Capotamento,Com Vítimas Feridas,Plena noite,Ceu Claro,Dupla   ,Rural ,Automóvel,Ferido Leve ,36.0,Masculino
611659,14/11/2009,RN,110,MOSSORO,Ingestão de álcool,Colisão lateral,Sem Vítimas        ,Plena noite,Ceu Claro,Dupla   ,Urbano,Automóvel,Ileso       ,30.0,Masculino
611659,14/11/2009,RN,110,MOSSORO,Ingestão de álcool,Colisão lateral,Sem Vítimas        ,Plena noite,Ceu Claro,Dupla   ,Urbano,Motocicletas,Ileso       ,41.0,Masculino
611790,17/11/2009,RN,101,NATAL,Falta de atenção,Colisão traseira,Sem Vítimas        ,Pleno dia,Sol,Dupla   ,Urbano,Automóvel,Ileso       ,58.0,Masculino
611790,17/11/2009,RN,101,NATAL,Falta de atenção,Colisão traseira,Sem Vítimas        ,Pleno dia,Sol,Dupla   ,Urbano,Automóvel,Ileso       ,47.0,Masculino
611890,17/11/2009,RN,304,RIACHUELO,Falta de atenção,Tombamento,Sem Vítimas        ,Pleno dia,Ceu Claro,Simples ,Rural ,Caminhão-Trator,Ileso       ,50.0,Masculino
611991,17/11/2009,RN,101,NATAL,Falta de atenção,Colisão lateral,Com Vítimas Feridas,Pleno dia,Ceu Claro,Dupla   ,Urbano,Motocicletas,Ferido Leve ,26.0,Masculino
611991,17/11/2009,RN,101,NATAL,Falta de atenção,Colisão lateral,Com Vítimas Feridas,Pleno dia,Ceu Claro,Dupla   ,Urbano,Automóvel,Ignorado    ,-1.0,Inválido
611991,17/11/2009,RN,101,NATAL,Falta de atenção,Colisão lateral,Com Vítimas Feridas,Pleno dia,Ceu Claro,Dupla   ,Urbano,Automóvel,Ignorado    ,-1.0,Inválido
612061,30/10/2009,RN,101,PARNAMIRIM,Desobediência à sinalização,Colisão lateral,Sem Vítimas        ,Amanhecer,Ceu Claro,Dupla   ,Urbano,Automóvel,Ileso       ,24.0,Feminino
612061,30/10/2009,RN,101,PARNAMIRIM,Desobediência à sinalização,Colisão lateral,Sem Vítimas        ,Amanhecer,Ceu Claro,Dupla   ,Urbano,Caminhão-Trator,Ileso       ,60.0,Masculino
612077,14/11/2009,RN,406,TAIPU,Não guardar distância de segurança,Colisão traseira,Sem Vítimas        ,Plena noite,Ceu Claro,Simples ,Urbano,Caminhão,Ileso       ,36.0,Masculino
612077,14/11/2009,RN,406,TAIPU,Não guardar distância de segurança,Colisão traseira,Sem Vítimas        ,Plena noite,Ceu Claro,Simples ,Urbano,Camioneta,Ileso       ,22.0,Masculino
612141,16/10/2009,RN,427,CURRAIS NOVOS,Velocidade incompatível,Colisão frontal,Com Vítimas Fatais ,Anoitecer,Ceu Claro,Simples ,Rural ,Caminhão,Ferido Leve ,37.0,Masculino
612141,16/10/2009,RN,427,CURRAIS NOVOS,Velocidade incompatível,Colisão frontal,Com Vítimas Fatais ,Anoitecer,Ceu Claro,Simples ,Rural ,Automóvel,Morto       ,50.0,Masculino
612141,16/10/2009,RN,427,CURRAIS NOVOS,Velocidade incompatível,Colisão frontal,Com Vítimas Fatais ,Anoitecer,Ceu Claro,Simples ,Rural ,Automóvel,Morto       ,20.0,Masculino
612141,16/10/2009,RN,427,CURRAIS NOVOS,Velocidade incompatível,Colisão frontal,Com Vítimas Fatais ,Anoitecer,Ceu Claro,Simples ,Rural ,Automóvel,Morto       ,15.0,Feminino
612141,16/10/2009,RN,427,CURRAIS NOVOS,Velocidade incompatível,Colisão frontal,Com Vítimas Fatais ,Anoitecer,Ceu Claro,Simples ,Rural ,Automóvel,Ferido Grave,18.0,Masculino
612141,16/10/2009,RN,427,CURRAIS NOVOS,Velocidade incompatível,Colisão frontal,Com Vítimas Fatais ,Anoitecer,Ceu Claro,Simples ,Rural ,Automóvel,Ferido Grave,57.0,Feminino
612233,18/11/2009,RN,304,MOSSORO,Defeito mecânico em veículo,Colisão Transversal,Sem Vítimas        ,Pleno dia,Nublado,Simples ,Rural ,Automóvel,Ileso       ,45.0,Masculino
612233,18/11/2009,RN,304,MOSSORO,Defeito mecânico em veículo,Colisão Transversal,Sem Vítimas        ,Pleno dia,Nublado,Simples ,Rural ,Caminhão,Ileso       ,53.0,Masculino
612253,29/10/2009,RN,101,NATAL,Desobediência à sinalização,Colisão Transversal,Com Vítimas Feridas,Pleno dia,Ceu Claro,Dupla   ,Urbano,Motocicletas,Ferido Grave,19.0,Masculino
612253,29/10/2009,RN,101,NATAL,Desobediência à sinalização,Colisão Transversal,Com Vítimas Feridas,Pleno dia,Ceu Claro,Dupla   ,Urbano,Caminhão,Ileso       ,38.0,Masculino
612273,07/09/2009,RN,304,MOSSORO,Não guardar distância de segurança,Colisão traseira,Sem Vítimas        ,Anoitecer,Ceu Claro,Simples ,Urbano,Caminhonete,Ileso       ,31.0,Masculino
612273,07/09/2009,RN,304,MOSSORO,Não guardar distância de segurança,Colisão traseira,Sem Vítimas        ,Anoitecer,Ceu Claro,Simples ,Urbano,Automóvel,Ileso       ,29.0,Masculino
612273,07/09/2009,RN,304,MOSSORO,Não guardar distância de segurança,Colisão traseira,Sem Vítimas        ,Anoitecer,Ceu Claro,Simples ,Urbano,Automóvel,Ileso       ,51.0,Masculino
612273,07/09/2009,RN,304,MOSSORO,Não guardar distância de segurança,Colisão traseira,Sem Vítimas        ,Anoitecer,Ceu Claro,Simples ,Urbano,Automóvel,Ileso       ,59.0,Masculino
612379,15/11/2009,RN,427,CURRAIS NOVOS,Ingestão de álcool,Capotamento,Com Vítimas Feridas,Plena noite,Ceu Claro,Simples ,Urbano,Automóvel,Ferido Leve ,36.0,Masculino
612393,18/11/2009,RN,304,MOSSORO,Desobediência à sinalização,Colisão Transversal,Com Vítimas Feridas,Pleno dia,Ceu Claro,Simples ,Urbano,Automóvel,Ferido Grave,-1.0,Inválido
612393,18/11/2009,RN,304,MOSSORO,Desobediência à sinalização,Colisão Transversal,Com Vítimas Feridas,Pleno dia,Ceu Claro,Simples ,Urbano,Motocicletas,Ferido Grave,22.0,Masculino
612407,18/11/2009,RN,226,SANTA CRUZ,Falta de atenção,Colisão lateral,Com Vítimas Feridas,Anoitecer,Nublado,Simples ,Urbano,Motocicletas,Ileso       ,20.0,Masculino
612407,18/11/2009,RN,226,SANTA CRUZ,Falta de atenção,Colisão lateral,Com Vítimas Feridas,Anoitecer,Nublado,Simples ,Urbano,Motocicletas,Ferido Leve ,32.0,Masculino
612423,18/11/2009,RN,304,MOSSORO,Falta de atenção,Colisão Transversal,Com Vítimas Feridas,Pleno dia,Sol,Simples ,Urbano,Automóvel,Ileso       ,23.0,Masculino
612423,18/11/2009,RN,304,MOSSORO,Falta de atenção,Colisão Transversal,Com Vítimas Feridas,Pleno dia,Sol,Simples ,Urbano,Motoneta,Ferido Leve ,33.0,Feminino
612433,18/11/2009,RN,101,PARNAMIRIM,Falta de atenção,Colisão Transversal,Sem Vítimas        ,Pleno dia,Ceu Claro,Dupla   ,Urbano,Automóvel,Ileso       ,35.0,Masculino
612433,18/11/2009,RN,101,PARNAMIRIM,Falta de atenção,Colisão Transversal,Sem Vítimas        ,Pleno dia,Ceu Claro,Dupla   ,Urbano,Automóvel,Ileso       ,27.0,Masculino
612434,18/11/2009,RN,101,NATAL,Falta de atenção,Colisão traseira,Sem Vítimas        ,Plena noite,Ceu Claro,Múltipla,Urbano,Automóvel,Ileso       ,31.0,Masculino
612434,18/11/2009,RN,101,NATAL,Falta de atenção,Colisão traseira,Sem Vítimas        ,Plena noite,Ceu Claro,Múltipla,Urbano,Automóvel,Ileso       ,22.0,Masculino
612450,18/11/2009,RN,101,NATAL,Outras,Colisão lateral,Sem Vítimas        ,Plena noite,Nublado,Múltipla,Urbano,Automóvel,Ileso       ,57.0,Masculino
612450,18/11/2009,RN,101,NATAL,Outras,Colisão lateral,Sem Vítimas        ,Plena noite,Nublado,Múltipla,Urbano,Ônibus,Ileso       ,27.0,Masculino
612455,18/11/2009,RN,226,SERRA CAIADA,Animais na Pista,Atropelamento de animal,Sem Vítimas        ,Plena noite,Ceu Claro,Simples ,Rural ,Caminhonete,Ileso       ,54.0,Masculino
612506,18/11/2009,RN,406,GUAMARE,Defeito na via,Capotamento,Com Vítimas Feridas,Pleno dia,Ceu Claro,Simples ,Urbano,Caminhonete,Ferido Leve ,55.0,Masculino
612506,18/11/2009,RN,406,GUAMARE,Defeito na via,Capotamento,Com Vítimas Feridas,Pleno dia,Ceu Claro,Simples ,Urbano,Caminhonete,Ferido Grave,44.0,Feminino
612564,11/11/2009,RN,101,NATAL,Não guardar distância de segurança,Colisão traseira,Sem Vítimas        ,Plena noite,Ceu Claro,Múltipla,Urbano,Automóvel,Ileso       ,21.0,Masculino
612564,11/11/2009,RN,101,NATAL,Não guardar distância de segurança,Colisão traseira,Sem Vítimas        ,Plena noite,Ceu Claro,Múltipla,Urbano,Automóvel,Ileso       ,28.0,Masculino
612564,11/11/2009,RN,101,NATAL,Não guardar distância de segurança,Colisão traseira,Sem Vítimas        ,Plena noite,Ceu Claro,Múltipla,Urbano,Automóvel,Ileso       ,45.0,Feminino
612564,11/11/2009,RN,101,NATAL,Não guardar distância de segurança,Colisão traseira,Sem Vítimas        ,Plena noite,Ceu Claro,Múltipla,Urbano,Automóvel,Ileso       ,26.0,Masculino
612564,11/11/2009,RN,101,NATAL,Não guardar distância de segurança,Colisão traseira,Sem Vítimas        ,Plena noite,Ceu Claro,Múltipla,Urbano,Automóvel,Ileso       ,43.0,Masculino
612564,11/11/2009,RN,101,NATAL,Não guardar distância de segurança,Colisão traseira,Sem Vítimas        ,Plena noite,Ceu Claro,Múltipla,Urbano,Automóvel,Ileso       ,31.0,Feminino
612564,11/11/2009,RN,101,NATAL,Não guardar distância de segurança,Colisão traseira,Sem Vítimas        ,Plena noite,Ceu Claro,Múltipla,Urbano,Motocicletas,Ileso       ,31.0,Masculino
612731,15/11/2009,RN,101,NATAL,Ingestão de álcool,Colisão lateral,Sem Vítimas        ,Pleno dia,Ceu Claro,Dupla   ,Urbano,Caminhonete,Ileso       ,53.0,Masculino
612731,15/11/2009,RN,101,NATAL,Ingestão de álcool,Colisão lateral,Sem Vítimas        ,Pleno dia,Ceu Claro,Dupla   ,Urbano,Caminhonete,Ileso       ,25.0,Masculino
612770,13/11/2009,RN,304,MOSSORO,Desobediência à sinalização,Colisão Transversal,Sem Vítimas        ,Plena noite,Ignorada,Simples ,Urbano,Automóvel,Ignorado    ,-1.0,Inválido
612770,13/11/2009,RN,304,MOSSORO,Desobediência à sinalização,Colisão Transversal,Sem Vítimas        ,Plena noite,Ignorada,Simples ,Urbano,Automóvel,Ileso       ,35.0,Masculino
612771,19/11/2009,RN,101,NATAL,Falta de atenção,Colisão traseira,Sem Vítimas        ,Pleno dia,Ceu Claro,Dupla   ,Urbano,Automóvel,Ileso       ,51.0,Masculino
612771,19/11/2009,RN,101,NATAL,Falta de atenção,Colisão traseira,Sem Vítimas        ,Pleno dia,Ceu Claro,Dupla   ,Urbano,Automóvel,Ileso       ,59.0,Masculino
612771,19/11/2009,RN,101,NATAL,Falta de atenção,Colisão traseira,Sem Vítimas        ,Pleno dia,Ceu Claro,Dupla   ,Urbano,Automóvel,Ignorado    ,-1.0,Inválido
612775,14/11/2009,RN,101,PARNAMIRIM,Outras,Queda de motocicleta / bicicleta / veículo,Com Vítimas Feridas,Plena noite,Ceu Claro,Dupla   ,Urbano,Motocicletas,Ferido Leve ,47.0,Masculino
612853,19/11/2009,RN,304,ASSU,Ultrapassagem indevida,Saída de Pista,Sem Vítimas        ,Pleno dia,Sol,Simples ,Rural ,Caminhão-Trator,Ileso       ,50.0,Masculino
612853,19/11/2009,RN,304,ASSU,Ultrapassagem indevida,Saída de Pista,Sem Vítimas        ,Pleno dia,Sol,Simples ,Rural ,Caminhão-Trator,Ileso       ,31.0,Masculino
612876,15/11/2009,RN,226,MACAIBA,Ingestão de álcool,Colisão frontal,Sem Vítimas        ,Anoitecer,Ceu Claro,Simples ,Rural ,Automóvel,Ileso       ,49.0,Masculino
612876,15/11/2009,RN,226,MACAIBA,Ingestão de álcool,Colisão frontal,Sem Vítimas        ,Anoitecer,Ceu Claro,Simples ,Rural ,Automóvel,Ileso       ,44.0,Masculino
612878,19/11/2009,RN,101,PARNAMIRIM,Não guardar distância de segurança,Colisão traseira,Sem Vítimas        ,Anoitecer,Ceu Claro,Dupla   ,Urbano,Automóvel,Ileso       ,36.0,Masculino
612878,19/11/2009,RN,101,PARNAMIRIM,Não guardar distância de segurança,Colisão traseira,Sem Vítimas        ,Anoitecer,Ceu Claro,Dupla   ,Urbano,Automóvel,Ileso       ,33.0,Masculino
612997,20/11/2009,RN,304,MOSSORO,Ultrapassagem indevida,Saída de Pista,Sem Vítimas        ,Amanhecer,Ceu Claro,Simples ,Rural ,Automóvel,Ileso       ,36.0,Masculino
613020,17/11/2009,RN,304,MOSSORO,Desobediência à sinalização,Colisão Transversal,Com Vítimas Feridas,Plena noite,Ceu Claro,Simples ,Urbano,Caminhonete,Ileso       ,60.0,Masculino
613020,17/11/2009,RN,304,MOSSORO,Desobediência à sinalização,Colisão Transversal,Com Vítimas Feridas,Plena noite,Ceu Claro,Simples ,Urbano,Não identificado,Ignorado    ,-1.0,Inválido
613020,17/11/2009,RN,304,MOSSORO,Desobediência à sinalização,Colisão Transversal,Com Vítimas Feridas,Plena noite,Ceu Claro,Simples ,Urbano,Caminhonete,Ferido Leve ,-1.0,Feminino
613025,11/11/2009,RN,101,GOIANINHA,Outras,Colisão frontal,Com Vítimas Feridas,Plena noite,Ceu Claro,Simples ,Urbano,Automóvel,Ferido Leve ,36.0,Masculino
613025,11/11/2009,RN,101,GOIANINHA,Outras,Colisão frontal,Com Vítimas Feridas,Plena noite,Ceu Claro,Simples ,Urbano,Ônibus,Ileso       ,38.0,Masculino
613137,22/06/2009,RN,226,NATAL,Outras,Queda de motocicleta / bicicleta / veículo,Com Vítimas Fatais ,Amanhecer,Ceu Claro,Simples ,Urbano,Motocicletas,Morto       ,33.0,Masculino
613137,22/06/2009,RN,226,NATAL,Outras,Queda de motocicleta / bicicleta / veículo,Com Vítimas Fatais ,Amanhecer,Ceu Claro,Simples ,Urbano,Motocicletas,Ferido Grave,29.0,Masculino
613141,20/11/2009,RN,226,SANTA CRUZ,Não guardar distância de segurança,Colisão traseira,Com Vítimas Feridas,Pleno dia,Ceu Claro,Simples ,Urbano,Automóvel,Ileso       ,48.0,Masculino
613141,20/11/2009,RN,226,SANTA CRUZ,Não guardar distância de segurança,Colisão traseira,Com Vítimas Feridas,Pleno dia,Ceu Claro,Simples ,Urbano,Motocicletas,Ferido Leve ,30.0,Masculino
613153,15/11/2009,RN,101,PARNAMIRIM,Ingestão de álcool,Queda de motocicleta / bicicleta / veículo,Com Vítimas Feridas,Plena noite,Ceu Claro,Dupla   ,Urbano,Motocicletas,Ferido Leve ,28.0,Masculino
613153,15/11/2009,RN,101,PARNAMIRIM,Ingestão de álcool,Queda de motocicleta / bicicleta / veículo,Com Vítimas Feridas,Plena noite,Ceu Claro,Dupla   ,Urbano,Motocicletas,Ferido Leve ,27.0,Feminino
613188,20/11/2009,RN,101,PARNAMIRIM,Desobediência à sinalização,Colisão Transversal,Com Vítimas Feridas,Pleno dia,Sol,Dupla   ,Urbano,Camioneta,Ileso       ,36.0,Masculino
613188,20/11/2009,RN,101,PARNAMIRIM,Desobediência à sinalização,Colisão Transversal,Com Vítimas Feridas,Pleno dia,Sol,Dupla   ,Urbano,Automóvel,Ferido Leve ,21.0,Feminino
613188,20/11/2009,RN,101,PARNAMIRIM,Desobediência à sinalização,Colisão Transversal,Com Vítimas Feridas,Pleno dia,Sol,Dupla   ,Urbano,Automóvel,Ferido Leve ,23.0,Masculino
613468,18/11/2009,RN,304,LAJES,Outras,Colisão lateral,Sem Vítimas        ,Amanhecer,Ceu Claro,Simples ,Rural ,Caminhão-Trator,Ileso       ,47.0,Masculino
613468,18/11/2009,RN,304,LAJES,Outras,Colisão lateral,Sem Vítimas        ,Amanhecer,Ceu Claro,Simples ,Rural ,Automóvel,Ileso       ,37.0,Masculino
613527,21/11/2009,RN,101,SAO GONCALO DO AMARANTE,Falta de atenção,Colisão Transversal,Sem Vítimas        ,Pleno dia,Ceu Claro,Dupla   ,Urbano,Automóvel,Ileso       ,51.0,Masculino
613527,21/11/2009,RN,101,SAO GONCALO DO AMARANTE,Falta de atenção,Colisão Transversal,Sem Vítimas        ,Pleno dia,Ceu Claro,Dupla   ,Urbano,Automóvel,Ileso       ,46.0,Masculino
613601,21/11/2009,RN,101,NATAL,Falta de atenção,Colisão traseira,Sem Vítimas        ,Pleno dia,Ceu Claro,Múltipla,Urbano,Automóvel,Ileso       ,38.0,Masculino
613601,21/11/2009,RN,101,NATAL,Falta de atenção,Colisão traseira,Sem Vítimas        ,Pleno dia,Ceu Claro,Múltipla,Urbano,Caminhonete,Ileso       ,29.0,Masculino
613626,18/11/2009,RN,110,MOSSORO,Falta de atenção,Colisão Transversal,Sem Vítimas        ,Plena noite,Ceu Claro,Simples ,Urbano,Automóvel,Ileso       ,43.0,Masculino
613626,18/11/2009,RN,110,MOSSORO,Falta de atenção,Colisão Transversal,Sem Vítimas        ,Plena noite,Ceu Claro,Simples ,Urbano,Motocicletas,Ileso       ,25.0,Masculino
613633,16/11/2009,RN,226,CAMPO REDONDO,Ingestão de álcool,Queda de motocicleta / bicicleta / veículo,Sem Vítimas        ,Pleno dia,Sol,Simples ,Rural ,Motocicletas,Ileso       ,47.0,Masculino
613637,21/11/2009,RN,304,MACAIBA,Falta de atenção,Colisão com objeto fixo,Sem Vítimas        ,Amanhecer,Ceu Claro,Dupla   ,Urbano,Caminhão,Ileso       ,30.0,Masculino
613723,21/11/2009,RN,101,SAO GONCALO DO AMARANTE,Falta de atenção,Colisão com bicicleta,Com Vítimas Feridas,Anoitecer,Ceu Claro,Dupla   ,Urbano,Bicicleta,Ferido Leve ,29.0,Masculino
613723,21/11/2009,RN,101,SAO GONCALO DO AMARANTE,Falta de atenção,Colisão com bicicleta,Com Vítimas Feridas,Anoitecer,Ceu Claro,Dupla   ,Urbano,Ônibus,Ileso       ,0.0,Masculino
613765,21/11/2009,RN,101,EXTREMOZ,Falta de atenção,Colisão Transversal,Sem Vítimas        ,Pleno dia,Ceu Claro,Simples ,Rural ,Automóvel,Ileso       ,-1.0,Masculino
613765,21/11/2009,RN,101,EXTREMOZ,Falta de atenção,Colisão Transversal,Sem Vítimas        ,Pleno dia,Ceu Claro,Simples ,Rural ,Automóvel,Ileso       ,49.0,Masculino
613773,21/11/2009,RN,101,NATAL,Outras,Colisão lateral,Sem Vítimas        ,Pleno dia,Ceu Claro,Dupla   ,Urbano,Caminhão-Trator,Ileso       ,31.0,Masculino
613773,21/11/2009,RN,101,NATAL,Outras,Colisão lateral,Sem Vítimas        ,Pleno dia,Ceu Claro,Dupla   ,Urbano,Automóvel,Ileso       ,23.0,Masculino
613858,14/11/2009,RN,110,MOSSORO,Falta de atenção,Colisão Transversal,Com Vítimas Feridas,Plena noite,Ceu Claro,Simples ,Urbano,Automóvel,Ileso       ,24.0,Masculino
613858,14/11/2009,RN,110,MOSSORO,Falta de atenção,Colisão Transversal,Com Vítimas Feridas,Plena noite,Ceu Claro,Simples ,Urbano,Motoneta,Ferido Leve ,22.0,Feminino
613971,20/11/2009,RN,101,NATAL,Não guardar distância de segurança,Colisão traseira,Sem Vítimas        ,Pleno dia,Sol,Dupla   ,Urbano,Automóvel,Ileso       ,37.0,Masculino
613971,20/11/2009,RN,101,NATAL,Não guardar distância de segurança,Colisão traseira,Sem Vítimas        ,Pleno dia,Sol,Dupla   ,Urbano,Automóvel,Ileso       ,-1.0,Masculino
613971,20/11/2009,RN,101,NATAL,Não guardar distância de segurança,Colisão traseira,Sem Vítimas        ,Pleno dia,Sol,Dupla   ,Urbano,Automóvel,Ileso       ,18.0,Feminino
613978,20/11/2009,RN,101,PARNAMIRIM,Não guardar distância de segurança,Colisão traseira,Sem Vítimas        ,Plena noite,Ignorada,Dupla   ,Urbano,Não identificado,Ignorado    ,-1.0,Inválido
613978,20/11/2009,RN,101,PARNAMIRIM,Não guardar distância de segurança,Colisão traseira,Sem Vítimas        ,Plena noite,Ignorada,Dupla   ,Urbano,Automóvel,Ileso       ,0.0,Masculino
613978,20/11/2009,RN,101,PARNAMIRIM,Não guardar distância de segurança,Colisão traseira,Sem Vítimas        ,Plena noite,Ignorada,Dupla   ,Urbano,Automóvel,Ileso       ,39.0,Masculino
613983,14/11/2009,RN,101,NATAL,Outras,Colisão lateral,Sem Vítimas        ,Pleno dia,Ceu Claro,Dupla   ,Urbano,Ônibus,Ileso       ,30.0,Masculino
613983,14/11/2009,RN,101,NATAL,Outras,Colisão lateral,Sem Vítimas        ,Pleno dia,Ceu Claro,Dupla   ,Urbano,Automóvel,Ileso       ,125.0,Masculino
614033,22/11/2009,RN,304,ASSU,Animais na Pista,Atropelamento de animal,Sem Vítimas        ,Pleno dia,Sol,Simples ,Rural ,Caminhão-Trator,Ileso       ,62.0,Masculino
614114,18/11/2009,RN,101,NATAL,Outras,Colisão traseira,Sem Vítimas        ,Pleno dia,Ceu Claro,Dupla   ,Urbano,Automóvel,Ileso       ,38.0,Masculino
614114,18/11/2009,RN,101,NATAL,Outras,Colisão traseira,Sem Vítimas        ,Pleno dia,Ceu Claro,Dupla   ,Urbano,Automóvel,Ileso       ,34.0,Feminino
614148,22/11/2009,RN,101,SAO JOSE DE MIPIBU,Outras,Queda de motocicleta / bicicleta / veículo,Com Vítimas Feridas,Pleno dia,Sol,Simples ,Urbano,Motocicletas,Ferido Leve ,59.0,Masculino
614183,22/11/2009,RN,226,SERRA CAIADA,Ultrapassagem indevida,Colisão frontal,Com Vítimas Feridas,Plena noite,Ceu Claro,Simples ,Rural ,Automóvel,Ileso       ,28.0,Masculino
614183,22/11/2009,RN,226,SERRA CAIADA,Ultrapassagem indevida,Colisão frontal,Com Vítimas Feridas,Plena noite,Ceu Claro,Simples ,Rural ,Caminhonete,Ileso       ,26.0,Masculino
614183,22/11/2009,RN,226,SERRA CAIADA,Ultrapassagem indevida,Colisão frontal,Com Vítimas Feridas,Plena noite,Ceu Claro,Simples ,Rural ,Motocicletas,Ferido Grave,21.0,Masculino
614216,18/11/2009,RN,101,SAO JOSE DE MIPIBU,Falta de atenção,Colisão traseira,Sem Vítimas        ,Plena noite,Ceu Claro,Dupla   ,Rural ,Caminhão,Ileso       ,25.0,Masculino
614216,18/11/2009,RN,101,SAO JOSE DE MIPIBU,Falta de atenção,Colisão traseira,Sem Vítimas        ,Plena noite,Ceu Claro,Dupla   ,Rural ,Caminhão-Trator,Ileso       ,27.0,Masculino
614235,18/11/2009,RN,101,PARNAMIRIM,Falta de atenção,Colisão Transversal,Sem Vítimas        ,Pleno dia,Sol,Dupla   ,Urbano,Caminhão-Trator,Ileso       ,50.0,Masculino
614235,18/11/2009,RN,101,PARNAMIRIM,Falta de atenção,Colisão Transversal,Sem Vítimas        ,Pleno dia,Sol,Dupla   ,Urbano,Automóvel,Ileso       ,51.0,Masculino
614359,04/11/2009,RN,101,NATAL,Não guardar distância de segurança,Colisão traseira,Sem Vítimas        ,Pleno dia,Ceu Claro,Dupla   ,Urbano,Caminhão,Ileso       ,25.0,Masculino
614359,04/11/2009,RN,101,NATAL,Não guardar distância de segurança,Colisão traseira,Sem Vítimas        ,Pleno dia,Ceu Claro,Dupla   ,Urbano,Automóvel,Ileso       ,30.0,Masculino
614392,22/11/2009,RN,110,MOSSORO,Outras,Colisão traseira,Sem Vítimas        ,Pleno dia,Sol,Simples ,Urbano,Automóvel,Ileso       ,30.0,Masculino
614392,22/11/2009,RN,110,MOSSORO,Outras,Colisão traseira,Sem Vítimas        ,Pleno dia,Sol,Simples ,Urbano,Automóvel,Ignorado    ,-1.0,Masculino
614397,18/11/2009,RN,304,MOSSORO,Falta de atenção,Colisão Transversal,Com Vítimas Feridas,Pleno dia,Ceu Claro,Simples ,Urbano,Automóvel,Ileso       ,56.0,Masculino
614397,18/11/2009,RN,304,MOSSORO,Falta de atenção,Colisão Transversal,Com Vítimas Feridas,Pleno dia,Ceu Claro,Simples ,Urbano,Motocicletas,Ferido Grave,22.0,Masculino